,applicant_income,coapplicant_income,loan_amount,loan_amount_term,credit_history,loan_status,gender_Female,gender_Male,married_No,married_Yes,dependents_0,dependents_1,dependents_2,dependents_3+,education_Graduate,education_Not Graduate,self_employed_No,self_employed_Yes,property_area_Rural,property_area_Semiurban,property_area_Urban,total_income
0,2.243930800008688,2.1185663919172426,1.7681175901689328,1.9299082210139993,1.0,N,0.0,1.0,0.0,1.0,0.0,1.0,0.0,0.0,1.0,0.0,1.0,0.0,1.0,0.0,0.0,6091.0
1,2.1979688386872795,0.0,1.6495606454510718,1.9299082210139993,1.0,Y,0.0,1.0,0.0,1.0,1.0,0.0,0.0,0.0,1.0,0.0,0.0,1.0,0.0,0.0,1.0,3000.0
2,2.1812187045925033,2.1708798125150914,1.757131886054717,1.9299082210139993,1.0,Y,0.0,1.0,0.0,1.0,1.0,0.0,0.0,0.0,0.0,1.0,1.0,0.0,0.0,0.0,1.0,4941.0
3,2.2720930397111068,0.0,1.7843700777314968,1.9299082210139993,1.0,Y,0.0,1.0,1.0,0.0,1.0,0.0,0.0,0.0,1.0,0.0,1.0,0.0,0.0,0.0,1.0,6000.0
4,2.261500774762126,2.2345337706106156,1.8857031067251113,1.9299082210139993,1.0,Y,0.0,1.0,0.0,1.0,0.0,0.0,1.0,0.0,1.0,0.0,0.0,1.0,0.0,0.0,1.0,9613.0
5,2.169663664343269,2.11920177024789,1.7163798514467992,1.9299082210139993,1.0,Y,0.0,1.0,0.0,1.0,1.0,0.0,0.0,0.0,0.0,1.0,1.0,0.0,0.0,0.0,1.0,3849.0
6,2.1992919349951707,2.1777068976374325,1.8031780619573843,1.9299082210139993,0.0,N,0.0,1.0,0.0,1.0,0.0,0.0,0.0,1.0,1.0,0.0,1.0,0.0,0.0,1.0,0.0,5540.0
7,2.2295624819989497,2.119990735619632,1.8131782269605679,1.9299082210139993,1.0,Y,0.0,1.0,0.0,1.0,0.0,0.0,1.0,0.0,1.0,0.0,1.0,0.0,0.0,0.0,1.0,5532.0
8,2.2051066035011075,2.0218796785726947,1.6606403793348095,1.9299082210139993,1.0,Y,0.0,1.0,0.0,1.0,0.0,0.0,1.0,0.0,1.0,0.0,1.0,0.0,0.0,0.0,1.0,3900.0
9,2.17752581681183,2.14218910624994,1.7405504459900154,1.9299082210139993,1.0,Y,0.0,1.0,0.0,1.0,0.0,0.0,1.0,0.0,1.0,0.0,1.0,0.0,0.0,0.0,1.0,4340.0
10,2.2006337510605163,2.302633408325612,1.8410740844298052,1.9299082210139993,1.0,Y,0.0,1.0,0.0,1.0,0.0,0.0,1.0,0.0,1.0,0.0,1.0,0.0,0.0,0.0,1.0,11179.0
11,2.1430148408271186,2.191867071703945,1.748318097194945,1.9299082210139993,1.0,N,0.0,1.0,1.0,0.0,1.0,0.0,0.0,0.0,1.0,0.0,1.0,0.0,1.0,0.0,0.0,4693.0
12,2.100483540766043,2.078338043940251,1.358504720646626,1.757131886054717,1.0,Y,0.0,1.0,0.0,1.0,0.0,0.0,1.0,0.0,1.0,0.0,1.0,0.0,0.0,0.0,1.0,2385.0
13,2.252064642555284,0.0,1.7640939343176614,1.9299082210139993,1.0,Y,0.0,1.0,1.0,0.0,1.0,0.0,0.0,0.0,1.0,0.0,1.0,0.0,0.0,0.0,1.0,4950.0
14,2.217882551539787,0.0,1.7254630513334037,1.8694605040153234,1.0,Y,0.0,1.0,1.0,0.0,0.0,1.0,0.0,0.0,0.0,1.0,1.0,0.0,0.0,0.0,1.0,3596.0
15,2.215245244918433,0.0,1.6759380249901916,1.9299082210139993,0.0,N,1.0,0.0,1.0,0.0,1.0,0.0,0.0,0.0,1.0,0.0,1.0,0.0,0.0,0.0,1.0,3510.0
16,2.2507167386439875,0.0,1.7745861482661287,1.9299082210139993,1.0,N,0.0,1.0,0.0,1.0,1.0,0.0,0.0,0.0,0.0,1.0,1.0,0.0,1.0,0.0,0.0,4887.0
17,2.181958786434122,2.214933939131339,1.749824041026481,1.9299082210139993,1.0,Y,0.0,1.0,0.0,1.0,1.0,0.0,0.0,0.0,1.0,0.0,1.0,0.0,0.0,0.0,1.0,6100.0
18,2.2969590768543937,0.0,1.7323562465403226,1.9299082210139993,0.0,N,0.0,1.0,0.0,1.0,1.0,0.0,0.0,0.0,0.0,1.0,1.0,0.0,0.0,0.0,1.0,7660.0
19,2.2713167328525627,2.2654182839959893,1.9103928415548865,1.9299082210139993,1.0,Y,0.0,1.0,0.0,1.0,0.0,1.0,0.0,0.0,1.0,0.0,1.0,0.0,0.0,0.0,1.0,11580.0
20,2.181958786434122,2.146621698780348,1.7513148227387971,1.9299082210139993,0.0,N,0.0,1.0,0.0,1.0,1.0,0.0,0.0,0.0,0.0,1.0,1.0,0.0,0.0,1.0,0.0,4511.0
21,2.2106321127063286,2.1469878305054886,1.74525954872198,1.9299082210139993,0.0,N,0.0,1.0,0.0,1.0,0.0,0.0,1.0,0.0,0.0,1.0,1.0,0.0,1.0,0.0,0.0,5282.0
22,2.2214771113481016,2.1951548348495544,1.795731656444039,1.9299082210139993,1.0,N,0.0,1.0,0.0,1.0,0.0,1.0,0.0,0.0,1.0,0.0,1.0,0.0,0.0,1.0,0.0,6642.0
23,2.3189944798624955,0.0,1.8337800047354695,1.9299082210139993,1.0,Y,0.0,1.0,0.0,1.0,1.0,0.0,0.0,0.0,1.0,0.0,0.0,1.0,0.0,1.0,0.0,9560.0
24,2.1902418879121437,2.1656721831476733,1.7599564649868773,1.9299082210139993,1.0,Y,0.0,1.0,0.0,1.0,1.0,0.0,0.0,0.0,1.0,0.0,1.0,0.0,0.0,1.0,0.0,5052.0
25,2.2352958909271483,2.072912406768814,1.742136743805324,1.9299082210139993,1.0,Y,0.0,1.0,0.0,1.0,0.0,0.0,1.0,0.0,0.0,1.0,1.0,0.0,0.0,0.0,1.0,5266.0
26,2.113176026085734,0.0,1.5224670302876946,1.9299082210139993,1.0,N,0.0,1.0,1.0,0.0,1.0,0.0,0.0,0.0,0.0,1.0,1.0,0.0,0.0,0.0,1.0,1442.0
27,2.222434969143803,2.1566391755286243,1.757131886054717,1.9299082210139993,1.0,Y,1.0,0.0,1.0,0.0,0.0,0.0,1.0,0.0,1.0,0.0,1.0,0.0,0.0,1.0,0.0,5833.0
28,2.233765595557922,2.210762307722442,1.8418611059620993,1.9299082210139993,1.0,N,0.0,1.0,0.0,1.0,0.0,1.0,0.0,0.0,1.0,0.0,1.0,0.0,0.0,0.0,1.0,7535.0
29,2.203963569560653,0.0,1.6710010327416251,1.9299082210139993,1.0,N,0.0,1.0,1.0,0.0,1.0,0.0,0.0,0.0,1.0,0.0,1.0,0.0,0.0,0.0,1.0,3167.0
30,2.2464196664748415,0.0,1.7356879059276584,1.9299082210139993,1.0,N,0.0,1.0,1.0,0.0,0.0,1.0,0.0,0.0,1.0,0.0,0.0,1.0,1.0,0.0,0.0,4692.0
31,2.214933939131339,2.1305362605741727,1.748318097194945,1.9299082210139993,1.0,Y,0.0,1.0,0.0,1.0,1.0,0.0,0.0,0.0,1.0,0.0,1.0,0.0,0.0,1.0,0.0,5167.0
32,2.3450279096009217,2.1979688386872795,1.9127139332707952,1.9299082210139993,1.0,N,0.0,1.0,1.0,0.0,0.0,0.0,0.0,1.0,1.0,0.0,1.0,0.0,1.0,0.0,0.0,15500.0
33,2.141421086161013,2.103363835503938,1.7254630513334037,1.9299082210139993,0.0,N,0.0,1.0,0.0,1.0,1.0,0.0,0.0,0.0,1.0,0.0,1.0,0.0,0.0,0.0,1.0,3158.0
34,2.220007707686586,2.114590480571038,1.7878742218230284,1.9299082210139993,1.0,Y,1.0,0.0,0.0,1.0,1.0,0.0,0.0,0.0,1.0,0.0,1.0,0.0,0.0,1.0,0.0,5126.0
35,2.233765595557922,2.2908528300510866,1.827827111719085,1.9299082210139993,1.0,Y,0.0,1.0,1.0,0.0,1.0,0.0,0.0,0.0,1.0,0.0,1.0,0.0,0.0,0.0,1.0,11376.0
36,2.2223771834884953,2.13060744388819,1.742136743805324,1.9299082210139993,1.0,Y,0.0,1.0,1.0,0.0,1.0,0.0,0.0,0.0,0.0,1.0,1.0,0.0,0.0,1.0,0.0,5416.0
37,2.218003510423322,0.0,1.6853704905634923,1.9299082210139993,1.0,N,0.0,1.0,1.0,0.0,1.0,0.0,0.0,0.0,1.0,0.0,1.0,0.0,0.0,0.0,1.0,3600.0
38,2.1396069221994747,2.0920709503519297,1.583340520839692,1.9299082210139993,1.0,Y,0.0,1.0,1.0,0.0,1.0,0.0,0.0,0.0,1.0,0.0,1.0,0.0,0.0,0.0,1.0,3013.0
39,2.172890968199372,0.0,1.6734888160092363,1.9299082210139993,1.0,Y,0.0,1.0,0.0,1.0,1.0,0.0,0.0,0.0,1.0,0.0,1.0,0.0,0.0,0.0,1.0,2400.0
40,2.227801576003417,2.169810366544182,1.775845981748474,1.9299082210139993,1.0,Y,0.0,1.0,0.0,1.0,1.0,0.0,0.0,0.0,1.0,0.0,1.0,0.0,0.0,1.0,0.0,6277.0
41,2.2464872606982724,0.0,1.7182404735813999,1.9299082210139993,1.0,Y,0.0,1.0,0.0,1.0,1.0,0.0,0.0,0.0,0.0,1.0,0.0,1.0,0.0,0.0,1.0,4695.0
42,2.212087002559735,0.0,1.7026798402849839,1.9299082210139993,1.0,Y,1.0,0.0,1.0,0.0,1.0,0.0,0.0,0.0,1.0,0.0,1.0,0.0,0.0,0.0,1.0,3410.0
43,2.2658599889269335,0.0,1.570002974208493,1.9299082210139993,1.0,Y,0.0,1.0,0.0,1.0,0.0,1.0,0.0,0.0,1.0,0.0,1.0,0.0,0.0,0.0,1.0,5649.0
44,2.2689661694068937,0.0,1.7878742218230284,1.9299082210139993,1.0,Y,0.0,1.0,0.0,1.0,1.0,0.0,0.0,0.0,1.0,0.0,1.0,0.0,0.0,0.0,1.0,5821.0
45,2.183892132257298,2.2130451479559894,1.757131886054717,1.9299082210139993,0.0,N,1.0,0.0,0.0,1.0,1.0,0.0,0.0,0.0,1.0,0.0,1.0,0.0,0.0,0.0,1.0,6085.0
46,2.2294012669472845,2.1667853920160396,1.7878742218230284,1.9299082210139993,1.0,Y,1.0,0.0,1.0,0.0,1.0,0.0,0.0,0.0,1.0,0.0,1.0,0.0,0.0,1.0,0.0,6275.0
47,2.1476557616019933,2.1288857375428893,1.7254630513334037,1.9299082210139993,1.0,Y,1.0,0.0,0.0,1.0,1.0,0.0,0.0,0.0,0.0,1.0,1.0,0.0,0.0,1.0,0.0,3572.0
48,2.2011009461128377,0.0,1.757131886054717,1.9299082210139993,1.0,Y,1.0,0.0,1.0,0.0,1.0,0.0,0.0,0.0,1.0,0.0,1.0,0.0,0.0,1.0,0.0,3086.0
49,2.2353970543930783,0.0,1.74525954872198,1.9299082210139993,1.0,N,1.0,0.0,1.0,0.0,1.0,0.0,0.0,0.0,1.0,0.0,1.0,0.0,0.0,1.0,0.0,4230.0
50,2.244691159344095,0.0,1.775845981748474,1.9299082210139993,1.0,N,0.0,1.0,0.0,1.0,0.0,0.0,1.0,0.0,1.0,0.0,1.0,0.0,0.0,0.0,1.0,4616.0
51,2.337004806219791,0.0,1.8960417361485307,1.9299082210139993,0.0,N,1.0,0.0,0.0,1.0,0.0,1.0,0.0,0.0,1.0,0.0,0.0,1.0,0.0,0.0,1.0,11500.0
52,2.186538219070868,2.0872916690681738,1.7200786095266942,1.9299082210139993,1.0,Y,0.0,1.0,0.0,1.0,0.0,0.0,1.0,0.0,1.0,0.0,1.0,0.0,0.0,1.0,0.0,3875.0
53,2.1593247810779848,2.1249819509211765,1.7182404735813999,1.9299082210139993,1.0,Y,0.0,1.0,0.0,1.0,1.0,0.0,0.0,0.0,1.0,0.0,1.0,0.0,0.0,1.0,0.0,3723.0
54,2.2106646775490453,2.1629398581838375,1.777094949793928,1.9299082210139993,1.0,N,0.0,1.0,0.0,1.0,1.0,0.0,0.0,0.0,1.0,0.0,1.0,0.0,1.0,0.0,0.0,5566.0
55,2.30231214637085,2.1655194440548033,1.8243068483519838,1.9299082210139993,1.0,Y,0.0,1.0,0.0,1.0,0.0,1.0,0.0,0.0,1.0,0.0,1.0,0.0,0.0,0.0,1.0,10330.0
56,2.2103712068613826,2.192611386673043,1.7878742218230284,1.9299082210139993,1.0,Y,0.0,1.0,0.0,1.0,0.0,0.0,1.0,0.0,0.0,1.0,1.0,0.0,0.0,0.0,1.0,6216.0
57,2.17752581681183,2.223754694202165,1.757131886054717,1.9299082210139993,1.0,Y,0.0,1.0,0.0,1.0,1.0,0.0,0.0,0.0,1.0,0.0,1.0,0.0,0.0,0.0,1.0,6296.0
58,2.199036035488484,0.0,1.7236894193081456,1.9299082210139993,1.0,Y,0.0,1.0,0.0,1.0,0.0,0.0,0.0,1.0,1.0,0.0,1.0,0.0,0.0,0.0,1.0,3029.0
59,2.182348418411755,2.213330785427036,1.8102520538839093,1.8243068483519838,0.0,N,0.0,1.0,0.0,1.0,1.0,0.0,0.0,0.0,0.0,1.0,0.0,1.0,1.0,0.0,0.0,6058.0
60,2.233765595557922,0.0,1.7513148227387971,1.9299082210139993,0.0,N,1.0,0.0,1.0,0.0,1.0,0.0,0.0,0.0,1.0,0.0,1.0,0.0,0.0,1.0,0.0,4166.0
61,2.2672632689737995,2.2442079927481897,1.880506958839086,1.9299082210139993,1.0,N,0.0,1.0,0.0,1.0,1.0,0.0,0.0,0.0,1.0,0.0,1.0,0.0,0.0,1.0,0.0,10321.0
62,2.2051066035011075,2.1657230458281633,1.765447506801529,1.8243068483519838,0.0,N,0.0,1.0,1.0,0.0,1.0,0.0,0.0,0.0,0.0,1.0,1.0,0.0,0.0,0.0,1.0,5454.0
63,2.330468128085419,0.0,1.9089798563370792,1.9299082210139993,1.0,Y,0.0,1.0,0.0,1.0,0.0,1.0,0.0,0.0,1.0,0.0,1.0,0.0,0.0,0.0,1.0,10750.0
64,2.2892962763097833,0.0,1.7640939343176614,1.6313704001963978,1.0,Y,0.0,1.0,0.0,1.0,0.0,0.0,0.0,1.0,0.0,1.0,0.0,1.0,0.0,0.0,1.0,7100.0
65,2.237150472643073,0.0,1.7783332269022314,1.9299082210139993,0.0,N,1.0,0.0,1.0,0.0,1.0,0.0,0.0,0.0,1.0,0.0,1.0,0.0,0.0,1.0,0.0,4300.0
66,2.2053817327761323,2.2003812746221754,1.8169871572575529,1.9299082210139993,1.0,Y,0.0,1.0,0.0,1.0,1.0,0.0,0.0,0.0,1.0,0.0,1.0,0.0,0.0,0.0,1.0,6274.0
67,2.1443976080043172,2.1443976080043172,1.7200786095266942,1.9299082210139993,1.0,Y,0.0,1.0,0.0,1.0,0.0,0.0,1.0,0.0,0.0,1.0,0.0,1.0,0.0,1.0,0.0,3750.0
68,2.214933939131339,0.0,1.6876424851132221,1.9031681972312866,1.0,Y,0.0,1.0,1.0,0.0,1.0,0.0,0.0,0.0,1.0,0.0,1.0,0.0,0.0,1.0,0.0,3500.0
69,2.2478292063059593,0.0,1.7163798514467992,1.9299082210139993,0.0,N,0.0,1.0,0.0,1.0,0.0,0.0,0.0,1.0,0.0,1.0,1.0,0.0,0.0,1.0,0.0,4755.0
70,2.2585513023703934,2.1378938883917833,1.8304098214920528,1.9299082210139993,1.0,Y,0.0,1.0,0.0,1.0,0.0,0.0,0.0,1.0,1.0,0.0,0.0,1.0,0.0,1.0,0.0,7040.0
71,2.222434969143803,0.0,1.7467966996992919,1.9707236282233618,1.0,N,0.0,1.0,1.0,0.0,1.0,0.0,0.0,0.0,1.0,0.0,1.0,0.0,0.0,0.0,1.0,3750.0
72,2.222434969143803,2.247718094334587,1.8206950566924849,1.9299082210139993,1.0,N,0.0,1.0,1.0,0.0,1.0,0.0,0.0,0.0,1.0,0.0,1.0,0.0,0.0,0.0,1.0,8500.0
73,2.067970345786057,2.198779478381844,1.742136743805324,1.9299082210139993,1.0,N,0.0,1.0,0.0,1.0,0.0,1.0,0.0,0.0,1.0,0.0,0.0,1.0,0.0,0.0,1.0,4022.0
74,2.203963569560653,2.2294012669472845,1.8243068483519838,1.9031681972312866,0.0,N,0.0,1.0,0.0,1.0,0.0,0.0,0.0,1.0,1.0,0.0,1.0,0.0,0.0,1.0,0.0,7167.0
75,2.2095843313936494,2.161148133737725,1.77073964639405,1.9299082210139993,1.0,Y,0.0,1.0,0.0,1.0,0.0,0.0,0.0,1.0,0.0,1.0,0.0,1.0,0.0,1.0,0.0,5499.0
76,2.2251692299393557,0.0,1.7437063358613225,1.9299082210139993,1.0,Y,1.0,0.0,1.0,0.0,1.0,0.0,0.0,0.0,1.0,0.0,1.0,0.0,0.0,1.0,0.0,3846.0
77,2.107678339122222,2.1447715838739807,1.8122095959040794,1.9299082210139993,1.0,N,1.0,0.0,0.0,1.0,0.0,0.0,1.0,0.0,1.0,0.0,1.0,0.0,0.0,0.0,1.0,3259.0
78,2.2720930397111068,2.1655194440548033,1.884565958136911,1.9299082210139993,1.0,N,0.0,1.0,0.0,1.0,1.0,0.0,0.0,0.0,1.0,0.0,1.0,0.0,0.0,1.0,0.0,8250.0
79,2.229078032000702,0.0,1.5957092304038698,1.8694605040153234,1.0,Y,0.0,1.0,0.0,1.0,0.0,1.0,0.0,0.0,1.0,0.0,1.0,0.0,0.0,0.0,1.0,3988.0
80,2.1712659497705125,2.178920834920568,1.7783332269022314,1.9299082210139993,1.0,Y,0.0,1.0,1.0,0.0,1.0,0.0,0.0,0.0,1.0,0.0,1.0,0.0,0.0,1.0,0.0,4897.0
81,2.2095843313936494,2.1519252521271723,1.7236894193081456,1.9299082210139993,1.0,Y,0.0,1.0,0.0,1.0,0.0,0.0,1.0,0.0,0.0,1.0,1.0,0.0,0.0,1.0,0.0,5333.0
82,2.17752581681183,2.158564544816508,1.7323562465403226,1.9299082210139993,1.0,Y,0.0,1.0,0.0,1.0,1.0,0.0,0.0,0.0,1.0,0.0,1.0,0.0,0.0,1.0,0.0,4618.0
83,2.3081369421156848,0.0,1.8487473895449305,1.9299082210139993,1.0,Y,0.0,1.0,1.0,0.0,1.0,0.0,0.0,0.0,1.0,0.0,1.0,0.0,0.0,0.0,1.0,8566.0
84,2.2667008308144205,2.233791299914659,1.8197772781208725,1.9299082210139993,1.0,Y,0.0,1.0,0.0,1.0,1.0,0.0,0.0,0.0,1.0,0.0,1.0,0.0,0.0,1.0,0.0,9862.0
85,2.1964027566674593,2.194198980845326,1.7720331658588133,1.9299082210139993,1.0,Y,0.0,1.0,0.0,1.0,1.0,0.0,0.0,0.0,1.0,0.0,1.0,0.0,0.0,1.0,0.0,5858.0
86,2.276292115320346,2.2659517501187896,1.83126011355907,1.8243068483519838,1.0,Y,0.0,1.0,0.0,1.0,0.0,0.0,1.0,0.0,1.0,0.0,1.0,0.0,0.0,1.0,0.0,11904.0
87,2.2075893171320398,2.140905937813871,1.6876424851132221,1.9299082210139993,1.0,Y,0.0,1.0,0.0,1.0,0.0,0.0,1.0,0.0,0.0,1.0,1.0,0.0,0.0,0.0,1.0,5093.0
88,2.2329134991101904,0.0,1.7599564649868773,1.9299082210139993,1.0,Y,0.0,1.0,1.0,0.0,1.0,0.0,0.0,0.0,1.0,0.0,1.0,0.0,0.0,1.0,0.0,4133.0
89,2.2186060784444055,0.0,1.448822238365871,1.757131886054717,1.0,Y,0.0,1.0,1.0,0.0,1.0,0.0,0.0,0.0,0.0,1.0,1.0,0.0,0.0,1.0,0.0,3620.0
90,2.1767982552830434,2.168135324485249,1.7795609835022244,1.9299082210139993,1.0,Y,1.0,0.0,0.0,1.0,1.0,0.0,0.0,0.0,1.0,0.0,1.0,0.0,0.0,1.0,0.0,4786.0
91,2.1505802855561833,2.06759075724252,1.5957092304038698,1.9299082210139993,1.0,Y,0.0,1.0,0.0,1.0,1.0,0.0,0.0,0.0,1.0,0.0,1.0,0.0,0.0,1.0,0.0,2974.0
92,2.2343295197374093,0.0,1.749824041026481,1.8243068483519838,1.0,Y,0.0,1.0,0.0,1.0,1.0,0.0,0.0,0.0,0.0,1.0,1.0,0.0,0.0,1.0,0.0,4188.0
93,2.1368927910875097,2.2162040792847604,1.7720331658588133,1.9299082210139993,1.0,Y,0.0,1.0,0.0,1.0,1.0,0.0,0.0,0.0,1.0,0.0,1.0,0.0,0.0,1.0,0.0,5300.0
94,2.23685213982159,2.207252871716049,1.7745861482661287,1.8243068483519838,1.0,Y,0.0,1.0,0.0,1.0,0.0,0.0,1.0,0.0,0.0,1.0,1.0,0.0,0.0,0.0,1.0,7551.0
95,2.2497639061491572,2.2240392464062064,1.795731656444039,1.9299082210139993,1.0,Y,0.0,1.0,1.0,0.0,1.0,0.0,0.0,0.0,1.0,0.0,1.0,0.0,0.0,1.0,0.0,8649.0
96,2.2243229715163353,2.0316575757121003,1.8052356503890232,1.9299082210139993,1.0,Y,0.0,1.0,0.0,1.0,1.0,0.0,0.0,0.0,1.0,0.0,1.0,0.0,0.0,0.0,1.0,4570.0
97,2.1998743959898457,2.071697191967245,1.7254630513334037,1.9299082210139993,1.0,Y,0.0,1.0,0.0,1.0,0.0,1.0,0.0,0.0,1.0,0.0,1.0,0.0,0.0,0.0,1.0,4082.0
98,2.336304773996265,2.082850040397514,1.8595014474498321,1.9299082210139993,1.0,Y,0.0,1.0,0.0,1.0,0.0,0.0,1.0,0.0,1.0,0.0,1.0,0.0,0.0,0.0,1.0,12543.0
99,2.2925626707541142,0.0,1.757131886054717,1.9299082210139993,1.0,N,0.0,1.0,1.0,0.0,1.0,0.0,0.0,0.0,0.0,1.0,1.0,0.0,1.0,0.0,0.0,7333.0
100,2.223868614630011,2.218003510423322,1.8531520084405109,1.9299082210139993,0.0,N,0.0,1.0,0.0,1.0,0.0,0.0,1.0,0.0,1.0,0.0,1.0,0.0,0.0,0.0,1.0,7400.0
101,2.1559707307131384,2.0316575757121003,1.7144962229206409,1.9707236282233618,1.0,Y,0.0,1.0,0.0,1.0,0.0,0.0,0.0,1.0,0.0,1.0,1.0,0.0,0.0,1.0,0.0,2825.0
102,2.2595381786643847,0.0,1.7783332269022314,1.9299082210139993,1.0,Y,0.0,1.0,1.0,0.0,1.0,0.0,0.0,0.0,1.0,0.0,1.0,0.0,0.0,0.0,1.0,5316.0
103,2.1953069289356266,2.169663664343269,1.781985597277665,1.9299082210139993,1.0,Y,1.0,0.0,0.0,1.0,1.0,0.0,0.0,0.0,1.0,0.0,1.0,0.0,0.0,1.0,0.0,5262.0
104,2.21715365176,2.232419474798897,1.7968196318819551,1.9299082210139993,0.0,N,0.0,1.0,0.0,1.0,1.0,0.0,0.0,0.0,0.0,1.0,1.0,0.0,1.0,0.0,0.0,7686.0
105,2.254165719932239,0.0,1.7542520263946595,1.9299082210139993,1.0,Y,0.0,1.0,1.0,0.0,1.0,0.0,0.0,0.0,1.0,0.0,1.0,0.0,0.0,1.0,0.0,5050.0
106,2.3596910908941613,0.0,1.828693382742085,1.8243068483519838,1.0,Y,0.0,1.0,0.0,1.0,0.0,1.0,0.0,0.0,1.0,0.0,1.0,0.0,1.0,0.0,0.0,14583.0
107,2.203963569560653,2.167187224818775,1.798970923559588,1.9299082210139993,1.0,Y,1.0,0.0,0.0,1.0,1.0,0.0,0.0,0.0,1.0,0.0,1.0,0.0,0.0,1.0,0.0,5450.0
108,2.1636686765461843,2.109426584944646,1.696412959743625,1.9299082210139993,1.0,Y,0.0,1.0,0.0,1.0,0.0,1.0,0.0,0.0,1.0,0.0,1.0,0.0,0.0,0.0,1.0,3612.0
109,2.2643608446980377,2.159864407331122,1.8197772781208725,1.9299082210139993,1.0,N,0.0,1.0,0.0,1.0,1.0,0.0,0.0,0.0,1.0,0.0,1.0,0.0,1.0,0.0,0.0,7710.0
110,2.3273192750145886,0.0,1.8810945047250232,1.9299082210139993,1.0,Y,1.0,0.0,1.0,0.0,1.0,0.0,0.0,0.0,1.0,0.0,1.0,0.0,0.0,0.0,1.0,10408.0
111,2.266189910750283,2.184824052887254,1.8243068483519838,1.9299082210139993,1.0,Y,0.0,1.0,0.0,1.0,1.0,0.0,0.0,0.0,1.0,0.0,1.0,0.0,1.0,0.0,0.0,8334.0
112,2.233765595557922,0.0,1.570002974208493,1.9299082210139993,1.0,Y,1.0,0.0,1.0,0.0,1.0,0.0,0.0,0.0,1.0,0.0,1.0,0.0,0.0,1.0,0.0,4166.0
113,2.1595949461014525,2.312819196814604,1.7795609835022244,1.9299082210139993,0.0,Y,1.0,0.0,1.0,0.0,1.0,0.0,0.0,0.0,1.0,0.0,1.0,0.0,0.0,1.0,0.0,11117.0
114,2.1963651685136414,0.0,1.6876424851132221,1.9299082210139993,1.0,Y,0.0,1.0,0.0,1.0,0.0,0.0,1.0,0.0,1.0,0.0,1.0,0.0,0.0,1.0,0.0,2957.0
115,2.237150472643073,2.15273550553788,1.836254638743768,1.9299082210139993,1.0,Y,0.0,1.0,0.0,1.0,1.0,0.0,0.0,0.0,0.0,1.0,1.0,0.0,1.0,0.0,0.0,6314.0
116,2.220745166231711,0.0,1.712589050021264,1.9299082210139993,1.0,Y,1.0,0.0,1.0,0.0,1.0,0.0,0.0,0.0,1.0,0.0,1.0,0.0,1.0,0.0,0.0,3692.0
117,2.3282979636153054,2.2252815116497286,1.8052356503890232,1.8243068483519838,0.0,N,0.0,1.0,0.0,1.0,0.0,1.0,0.0,0.0,1.0,0.0,0.0,1.0,0.0,0.0,1.0,14363.0
118,2.2734574146226203,2.180605145122001,1.8260781474077188,1.9299082210139993,1.0,N,0.0,1.0,0.0,1.0,1.0,0.0,0.0,0.0,1.0,0.0,1.0,0.0,1.0,0.0,0.0,8649.0
119,2.15273550553788,2.147716271586381,1.6710010327416251,1.9299082210139993,1.0,Y,0.0,1.0,1.0,0.0,1.0,0.0,0.0,0.0,1.0,0.0,1.0,0.0,0.0,0.0,1.0,3943.0
120,2.1869519322208113,0.0,1.6606403793348095,1.9299082210139993,1.0,Y,0.0,1.0,1.0,0.0,1.0,0.0,0.0,0.0,1.0,0.0,1.0,0.0,0.0,1.0,0.0,2718.0
121,2.21364719250936,0.0,1.448822238365871,1.757131886054717,1.0,Y,0.0,1.0,0.0,1.0,1.0,0.0,0.0,0.0,1.0,0.0,0.0,1.0,0.0,1.0,0.0,3459.0
122,2.2508889621305825,0.0,1.7289490519659823,1.9299082210139993,1.0,Y,0.0,1.0,1.0,0.0,1.0,0.0,0.0,0.0,1.0,0.0,1.0,0.0,0.0,1.0,0.0,4895.0
123,2.2294012669472845,2.298132911353626,1.898117976801967,1.9299082210139993,1.0,N,0.0,1.0,0.0,1.0,0.0,0.0,0.0,1.0,1.0,0.0,1.0,0.0,0.0,1.0,0.0,11750.0
124,2.243930800008688,0.0,1.6942663054703442,1.9299082210139993,1.0,N,1.0,0.0,0.0,1.0,1.0,0.0,0.0,0.0,1.0,0.0,1.0,0.0,1.0,0.0,0.0,4583.0
125,2.2090231484197678,2.214933939131339,1.7026798402849839,1.9299082210139993,1.0,Y,0.0,1.0,0.0,1.0,0.0,0.0,1.0,0.0,1.0,0.0,0.0,1.0,0.0,0.0,1.0,6816.0
126,2.362343973584372,0.0,1.870734136494135,1.9299082210139993,0.0,N,0.0,1.0,1.0,0.0,1.0,0.0,0.0,0.0,1.0,0.0,1.0,0.0,0.0,1.0,0.0,14999.0
127,2.2346357344832866,2.1121662953967393,1.7694345201285457,1.9299082210139993,1.0,N,0.0,1.0,0.0,1.0,0.0,0.0,1.0,0.0,0.0,1.0,1.0,0.0,1.0,0.0,0.0,5630.0
128,2.2539993322508662,2.1566391755286243,1.828693382742085,1.9299082210139993,1.0,N,0.0,1.0,0.0,1.0,0.0,0.0,1.0,0.0,1.0,0.0,1.0,0.0,1.0,0.0,0.0,7125.0
129,2.261500774762126,0.0,1.8131782269605679,1.9299082210139993,1.0,Y,0.0,1.0,1.0,0.0,1.0,0.0,0.0,0.0,1.0,0.0,1.0,0.0,0.0,0.0,1.0,5417.0
130,2.2871303628156125,0.0,1.8197772781208725,1.8243068483519838,1.0,Y,0.0,1.0,1.0,0.0,1.0,0.0,0.0,0.0,1.0,0.0,0.0,1.0,0.0,1.0,0.0,6950.0
131,2.1861228037325624,2.1538821752134556,1.7599564649868773,1.9299082210139993,1.0,Y,0.0,1.0,0.0,1.0,1.0,0.0,0.0,0.0,1.0,0.0,1.0,0.0,0.0,1.0,0.0,4732.0
132,2.339137744164282,0.0,1.8304098214920528,1.8243068483519838,1.0,Y,0.0,1.0,0.0,1.0,0.0,0.0,1.0,0.0,1.0,0.0,1.0,0.0,0.0,0.0,1.0,11757.0
133,2.1695167518915612,2.2416602592534685,1.7254630513334037,1.9299082210139993,1.0,Y,1.0,0.0,0.0,1.0,1.0,0.0,0.0,0.0,1.0,0.0,1.0,0.0,0.0,1.0,0.0,6816.0
134,2.36150466397719,0.0,1.6606403793348095,1.9299082210139993,1.0,Y,1.0,0.0,0.0,1.0,0.0,0.0,1.0,0.0,1.0,0.0,1.0,0.0,0.0,0.0,1.0,14866.0
135,2.12092989019761,2.111742769471112,1.4892992254175486,1.9299082210139993,1.0,Y,0.0,1.0,0.0,1.0,0.0,1.0,0.0,0.0,1.0,0.0,1.0,0.0,0.0,0.0,1.0,2963.0
136,2.3234107621942104,2.1304650294995247,1.8595014474498321,1.9299082210139993,1.0,N,1.0,0.0,1.0,0.0,1.0,0.0,0.0,0.0,1.0,0.0,1.0,0.0,1.0,0.0,0.0,11666.0
137,2.250133175772256,2.044154953031669,1.7640939343176614,1.9299082210139993,1.0,Y,0.0,1.0,0.0,1.0,1.0,0.0,0.0,0.0,1.0,0.0,1.0,0.0,0.0,1.0,0.0,5690.0
138,2.2767345007876907,0.0,1.7542520263946595,1.9299082210139993,0.0,N,0.0,1.0,1.0,0.0,1.0,0.0,0.0,0.0,1.0,0.0,1.0,0.0,1.0,0.0,0.0,6277.0
139,2.1809562046612028,2.222434969143803,1.7968196318819551,1.9299082210139993,1.0,Y,0.0,1.0,0.0,1.0,1.0,0.0,0.0,0.0,1.0,0.0,0.0,1.0,1.0,0.0,0.0,6327.0
140,2.314846153831542,0.0,1.8719957290222062,1.9299082210139993,1.0,N,0.0,1.0,1.0,0.0,1.0,0.0,0.0,0.0,1.0,0.0,1.0,0.0,0.0,0.0,1.0,9166.0
141,2.1670869138462345,0.0,1.7467966996992919,1.9299082210139993,1.0,N,0.0,1.0,0.0,1.0,0.0,0.0,1.0,0.0,0.0,1.0,1.0,0.0,1.0,0.0,0.0,2281.0
142,2.2069490911261704,0.0,1.5957092304038698,1.9299082210139993,1.0,Y,0.0,1.0,1.0,0.0,1.0,0.0,0.0,0.0,1.0,0.0,1.0,0.0,0.0,0.0,1.0,3254.0
143,2.2720930397111068,0.0,1.8052356503890232,1.9299082210139993,1.0,Y,0.0,1.0,0.0,1.0,0.0,1.0,0.0,0.0,1.0,0.0,1.0,0.0,1.0,0.0,0.0,6000.0
144,2.3187678369152414,0.0,1.8304098214920528,1.9299082210139993,1.0,Y,0.0,1.0,0.0,1.0,0.0,1.0,0.0,0.0,1.0,0.0,1.0,0.0,0.0,0.0,1.0,9538.0
145,2.1972261432992233,2.1566391755286243,1.757131886054717,1.9299082210139993,1.0,Y,0.0,1.0,1.0,0.0,1.0,0.0,0.0,0.0,1.0,0.0,1.0,0.0,1.0,0.0,0.0,5063.0
146,2.243930800008688,2.2654182839959893,1.8787285104503608,1.9299082210139993,1.0,Y,0.0,1.0,0.0,1.0,1.0,0.0,0.0,0.0,1.0,0.0,1.0,0.0,0.0,1.0,0.0,10208.0
147,2.1436456313442718,2.0730332048701134,1.7218947624700471,1.9299082210139993,1.0,Y,0.0,1.0,0.0,1.0,1.0,0.0,0.0,0.0,0.0,1.0,1.0,0.0,0.0,1.0,0.0,2904.0
148,2.3004741265788504,0.0,1.890155921849322,1.9299082210139993,1.0,N,0.0,1.0,0.0,1.0,1.0,0.0,0.0,0.0,1.0,0.0,1.0,0.0,0.0,0.0,1.0,7933.0
149,2.201208450043539,2.098679831078209,1.7585509609170316,1.9299082210139993,0.0,N,0.0,1.0,0.0,1.0,0.0,1.0,0.0,0.0,1.0,0.0,1.0,0.0,0.0,1.0,0.0,4369.0
150,2.233791299914659,2.1135939727802433,1.8031780619573843,1.9299082210139993,1.0,Y,0.0,1.0,0.0,1.0,0.0,0.0,1.0,0.0,1.0,0.0,1.0,0.0,1.0,0.0,0.0,5614.0
151,2.3165222185001624,0.0,1.6734888160092363,1.8243068483519838,1.0,Y,0.0,1.0,0.0,1.0,1.0,0.0,0.0,0.0,1.0,0.0,1.0,0.0,0.0,0.0,1.0,9323.0
152,2.2211849898669533,2.2039287260641363,1.8260781474077188,1.9299082210139993,1.0,Y,0.0,1.0,0.0,1.0,1.0,0.0,0.0,0.0,1.0,0.0,1.0,0.0,1.0,0.0,0.0,6873.0
153,2.243930800008688,0.0,1.74525954872198,1.9299082210139993,1.0,N,1.0,0.0,0.0,1.0,1.0,0.0,0.0,0.0,1.0,0.0,1.0,0.0,1.0,0.0,0.0,4583.0
154,2.174723689078444,2.2095843313936494,1.7694345201285457,1.9299082210139993,1.0,Y,0.0,1.0,0.0,1.0,1.0,0.0,0.0,0.0,1.0,0.0,1.0,0.0,1.0,0.0,0.0,5772.0
155,2.164854942351686,0.0,1.6407200993500939,1.9707236282233618,0.0,N,0.0,1.0,1.0,0.0,1.0,0.0,0.0,0.0,1.0,0.0,1.0,0.0,0.0,1.0,0.0,2237.0
156,2.3013164699169826,0.0,1.8410740844298052,1.9299082210139993,1.0,Y,0.0,1.0,0.0,1.0,0.0,0.0,1.0,0.0,1.0,0.0,1.0,0.0,0.0,1.0,0.0,8000.0
157,2.140905937813871,2.137561243574988,1.7163798514467992,1.9299082210139993,1.0,Y,0.0,1.0,0.0,1.0,1.0,0.0,0.0,0.0,0.0,1.0,1.0,0.0,1.0,0.0,0.0,3589.0
158,2.2156175163187575,0.0,1.6876424851132221,1.8243068483519838,1.0,N,0.0,1.0,0.0,1.0,0.0,0.0,0.0,1.0,0.0,1.0,1.0,0.0,1.0,0.0,0.0,3522.0
159,2.2669371022808598,2.2654182839959893,1.8304098214920528,1.9299082210139993,1.0,Y,0.0,1.0,0.0,1.0,1.0,0.0,0.0,0.0,1.0,0.0,1.0,0.0,0.0,1.0,0.0,11333.0
160,2.2382365311676744,2.028488701461363,1.700619000072578,1.9299082210139993,1.0,N,0.0,1.0,0.0,1.0,1.0,0.0,0.0,0.0,0.0,1.0,0.0,1.0,0.0,1.0,0.0,5080.0
161,2.2148403550422855,2.149812341223123,1.7513148227387971,1.9299082210139993,1.0,Y,0.0,1.0,0.0,1.0,1.0,0.0,0.0,0.0,1.0,0.0,1.0,0.0,1.0,0.0,0.0,5461.0
162,2.1545074950430894,2.1270621445869606,1.7272161148848966,1.9299082210139993,1.0,Y,0.0,1.0,0.0,1.0,0.0,0.0,1.0,0.0,1.0,0.0,1.0,0.0,1.0,0.0,0.0,3664.0
163,2.222434969143803,0.0,1.7513148227387971,1.9299082210139993,1.0,Y,0.0,1.0,0.0,1.0,0.0,1.0,0.0,0.0,1.0,0.0,1.0,0.0,0.0,1.0,0.0,3750.0
164,2.169663664343269,2.1139271671935025,1.7289490519659823,1.9707236282233618,0.0,N,0.0,1.0,1.0,0.0,1.0,0.0,0.0,0.0,0.0,1.0,1.0,0.0,0.0,0.0,1.0,3784.0
165,2.2787236094023164,2.2914123769389443,1.8243068483519838,1.9299082210139993,0.0,N,0.0,1.0,0.0,1.0,0.0,1.0,0.0,0.0,1.0,0.0,1.0,0.0,0.0,0.0,1.0,13650.0
166,2.1469268974577553,2.2544354798295294,1.6524030880939045,1.9299082210139993,1.0,N,0.0,1.0,1.0,0.0,1.0,0.0,0.0,0.0,1.0,0.0,1.0,0.0,1.0,0.0,0.0,6979.0
167,2.2443232535615665,0.0,1.6684735252826461,1.8243068483519838,1.0,Y,0.0,1.0,0.0,1.0,1.0,0.0,0.0,0.0,1.0,0.0,1.0,0.0,0.0,1.0,0.0,4600.0
168,2.2187561439388443,0.0,1.7389471062414084,1.9299082210139993,1.0,Y,1.0,0.0,0.0,1.0,1.0,0.0,0.0,0.0,1.0,0.0,1.0,0.0,0.0,1.0,0.0,3625.0
169,2.1617840644744457,0.0,1.6495606454510718,1.9031681972312866,0.0,N,0.0,1.0,0.0,1.0,0.0,1.0,0.0,0.0,1.0,0.0,0.0,1.0,1.0,0.0,0.0,2178.0
170,2.1720816860400354,2.1596488945388876,1.6248263889219656,1.9299082210139993,1.0,Y,0.0,1.0,0.0,1.0,1.0,0.0,0.0,0.0,1.0,0.0,1.0,0.0,1.0,0.0,0.0,4521.0
171,2.0168627910532773,2.2591446631062553,1.8131782269605679,1.9299082210139993,1.0,Y,0.0,1.0,0.0,1.0,1.0,0.0,0.0,0.0,1.0,0.0,0.0,1.0,1.0,0.0,0.0,5970.0
172,2.3165750857870684,0.0,1.83126011355907,1.8243068483519838,1.0,Y,0.0,1.0,0.0,1.0,1.0,0.0,0.0,0.0,1.0,0.0,1.0,0.0,1.0,0.0,0.0,9328.0
173,2.2506736340892983,0.0,1.5875644833216505,1.9299082210139993,1.0,Y,0.0,1.0,1.0,0.0,1.0,0.0,0.0,0.0,0.0,1.0,1.0,0.0,1.0,0.0,0.0,4885.0
174,2.341107991445833,0.0,1.8092629643515203,1.9299082210139993,1.0,N,0.0,1.0,1.0,0.0,1.0,0.0,0.0,0.0,1.0,0.0,1.0,0.0,0.0,1.0,0.0,12000.0
175,2.272658261269016,0.0,1.8052356503890232,1.9299082210139993,1.0,N,0.0,1.0,0.0,1.0,1.0,0.0,0.0,0.0,0.0,1.0,1.0,0.0,0.0,0.0,1.0,6033.0
176,2.2255056878992434,0.0,1.6759380249901916,1.9299082210139993,1.0,Y,0.0,1.0,1.0,0.0,1.0,0.0,0.0,0.0,1.0,0.0,1.0,0.0,0.0,1.0,0.0,3858.0
177,2.2344061643800823,0.0,1.757131886054717,1.9299082210139993,1.0,Y,0.0,1.0,1.0,0.0,1.0,0.0,0.0,0.0,1.0,0.0,1.0,0.0,1.0,0.0,0.0,4191.0
178,2.202489527682776,2.1812187045925033,1.8150956430032537,1.9299082210139993,1.0,N,0.0,1.0,0.0,1.0,0.0,1.0,0.0,0.0,1.0,0.0,1.0,0.0,0.0,1.0,0.0,5708.0
179,2.3053910338556376,2.222434969143803,1.8304098214920528,1.9299082210139993,1.0,Y,0.0,1.0,1.0,0.0,1.0,0.0,0.0,0.0,1.0,0.0,1.0,0.0,1.0,0.0,0.0,12083.0
180,2.146376897333003,2.1712177621878177,1.757131886054717,1.9299082210139993,1.0,Y,1.0,0.0,1.0,0.0,1.0,0.0,0.0,0.0,0.0,1.0,1.0,0.0,0.0,0.0,1.0,4272.0
181,2.212279377674662,2.1909189349246,1.7467966996992919,1.9299082210139993,1.0,Y,1.0,0.0,0.0,1.0,1.0,0.0,0.0,0.0,1.0,0.0,1.0,0.0,0.0,1.0,0.0,6232.0
182,2.3327011629175196,0.0,1.6920895459931111,1.9299082210139993,1.0,N,0.0,1.0,1.0,0.0,1.0,0.0,0.0,0.0,1.0,0.0,0.0,1.0,0.0,0.0,1.0,11000.0
183,2.181958786434122,2.17752581681183,1.7067206012930416,1.9299082210139993,1.0,Y,0.0,1.0,0.0,1.0,0.0,1.0,0.0,0.0,0.0,1.0,1.0,0.0,0.0,1.0,0.0,5100.0
184,2.2514893040804096,0.0,1.8112342343546721,1.9299082210139993,0.0,Y,0.0,1.0,1.0,0.0,0.0,0.0,1.0,0.0,1.0,0.0,1.0,0.0,0.0,1.0,0.0,4923.0
185,2.214933939131339,2.0779921395538157,1.777094949793928,1.9299082210139993,1.0,Y,0.0,1.0,0.0,1.0,0.0,1.0,0.0,0.0,0.0,1.0,1.0,0.0,0.0,0.0,1.0,4583.0
186,2.2271432499304127,0.0,1.7627277196400848,1.9299082210139993,1.0,Y,0.0,1.0,0.0,1.0,0.0,0.0,1.0,0.0,0.0,1.0,1.0,0.0,0.0,1.0,0.0,3917.0
187,2.2397947160664518,0.0,1.757131886054717,1.9299082210139993,1.0,Y,1.0,0.0,1.0,0.0,1.0,0.0,0.0,0.0,0.0,1.0,1.0,0.0,0.0,1.0,0.0,4408.0
188,2.206610461695912,0.0,1.6853704905634923,1.9299082210139993,1.0,Y,1.0,0.0,1.0,0.0,1.0,0.0,0.0,0.0,1.0,0.0,1.0,0.0,0.0,0.0,1.0,3244.0
189,2.22872664315989,2.178920834920568,1.6144954397020792,1.9299082210139993,1.0,Y,0.0,1.0,1.0,0.0,1.0,0.0,0.0,0.0,0.0,1.0,1.0,0.0,1.0,0.0,0.0,6506.0
190,2.176569822186893,0.0,1.6281310150671582,1.9299082210139993,1.0,Y,0.0,1.0,1.0,0.0,1.0,0.0,0.0,0.0,1.0,0.0,1.0,0.0,0.0,0.0,1.0,2479.0
191,2.2123434194432487,0.0,1.7667886546960463,1.9299082210139993,1.0,N,0.0,1.0,1.0,0.0,1.0,0.0,0.0,0.0,1.0,0.0,1.0,0.0,0.0,1.0,0.0,3418.0
192,2.3234107621942104,0.0,1.8516996259697707,1.9299082210139993,1.0,N,1.0,0.0,1.0,0.0,1.0,0.0,0.0,0.0,1.0,0.0,1.0,0.0,0.0,1.0,0.0,10000.0
193,2.2127267993282733,2.095769820615829,1.7681175901689328,1.9299082210139993,0.0,N,0.0,1.0,0.0,1.0,0.0,0.0,0.0,1.0,1.0,0.0,1.0,0.0,0.0,1.0,0.0,4680.0
194,2.2986111439570105,0.0,1.8694605040153234,1.9299082210139993,1.0,Y,0.0,1.0,0.0,1.0,0.0,1.0,0.0,0.0,1.0,0.0,0.0,1.0,0.0,0.0,1.0,7787.0
195,2.2668462989763327,0.0,1.77073964639405,1.9299082210139993,1.0,Y,0.0,1.0,0.0,1.0,0.0,0.0,0.0,1.0,0.0,1.0,0.0,1.0,1.0,0.0,0.0,5703.0
196,2.204172374409295,2.198742773496619,1.7795609835022244,1.9299082210139993,1.0,Y,0.0,1.0,0.0,1.0,1.0,0.0,0.0,0.0,1.0,0.0,1.0,0.0,0.0,0.0,1.0,6194.0
197,2.2252815116497286,2.065802184230466,1.7254630513334037,1.9299082210139993,1.0,Y,0.0,1.0,0.0,1.0,0.0,0.0,0.0,1.0,0.0,1.0,1.0,0.0,0.0,1.0,0.0,4833.0
198,1.7946353028541102,2.1396069221994747,1.777094949793928,1.9299082210139993,1.0,N,0.0,1.0,0.0,1.0,1.0,0.0,0.0,0.0,1.0,0.0,1.0,0.0,1.0,0.0,0.0,1950.0
199,2.2217683632216043,2.1379602916511287,1.7720331658588133,1.9299082210139993,1.0,Y,0.0,1.0,0.0,1.0,1.0,0.0,0.0,0.0,1.0,0.0,1.0,0.0,0.0,1.0,0.0,5502.0
200,2.2531209847743163,0.0,1.6659050929776016,1.9299082210139993,0.0,N,0.0,1.0,0.0,1.0,0.0,0.0,1.0,0.0,1.0,0.0,1.0,0.0,0.0,1.0,0.0,5000.0
201,2.2367275617121494,2.1720816860400354,1.7667886546960463,1.9299082210139993,1.0,Y,1.0,0.0,0.0,1.0,0.0,0.0,1.0,0.0,1.0,0.0,1.0,0.0,0.0,1.0,0.0,6666.0
202,2.1640311622518897,0.0,1.6313704001963978,1.9299082210139993,0.0,N,0.0,1.0,0.0,1.0,1.0,0.0,0.0,0.0,1.0,0.0,1.0,0.0,0.0,0.0,1.0,2221.0
203,2.2296429892915723,2.13403816125328,1.7513148227387971,1.9299082210139993,1.0,Y,0.0,1.0,0.0,1.0,0.0,0.0,1.0,0.0,1.0,0.0,1.0,0.0,0.0,1.0,0.0,5726.0
204,2.1968901220609163,2.1899216942896396,1.7878742218230284,1.9299082210139993,1.0,Y,0.0,1.0,1.0,0.0,1.0,0.0,0.0,0.0,1.0,0.0,1.0,0.0,0.0,1.0,0.0,5762.0
205,2.2958762936213737,2.0692264471812014,1.8197772781208725,1.9299082210139993,1.0,Y,0.0,1.0,0.0,1.0,1.0,0.0,0.0,0.0,1.0,0.0,1.0,0.0,0.0,1.0,0.0,8588.0
206,2.276292115320346,0.0,1.7681175901689328,1.9299082210139993,1.0,Y,0.0,1.0,0.0,1.0,1.0,0.0,0.0,0.0,1.0,0.0,1.0,0.0,0.0,1.0,0.0,6250.0
207,2.206813778116714,0.0,1.8150956430032537,1.9299082210139993,1.0,N,0.0,1.0,0.0,1.0,1.0,0.0,0.0,0.0,1.0,0.0,1.0,0.0,1.0,0.0,0.0,3250.0
208,2.247383981083312,0.0,1.780778386075876,1.9299082210139993,1.0,N,0.0,1.0,0.0,1.0,1.0,0.0,0.0,0.0,0.0,1.0,0.0,1.0,0.0,0.0,1.0,4735.0
209,2.276292115320346,2.1325115599500974,1.8487473895449305,1.9299082210139993,1.0,Y,0.0,1.0,0.0,1.0,0.0,0.0,1.0,0.0,1.0,0.0,1.0,0.0,0.0,1.0,0.0,7945.0
210,2.2478958115138803,0.0,1.8031780619573843,1.9707236282233618,1.0,Y,0.0,1.0,0.0,1.0,1.0,0.0,0.0,0.0,1.0,0.0,1.0,0.0,0.0,1.0,0.0,4758.0
211,2.2787236094023164,0.0,1.8410740844298052,1.9299082210139993,1.0,Y,0.0,1.0,1.0,0.0,1.0,0.0,0.0,0.0,1.0,0.0,0.0,1.0,1.0,0.0,0.0,6400.0
212,2.1771172033323105,2.1550163361850214,1.7323562465403226,1.9299082210139993,1.0,Y,0.0,1.0,0.0,1.0,0.0,1.0,0.0,0.0,1.0,0.0,1.0,0.0,0.0,1.0,0.0,4545.0
213,2.221447938414127,0.0,1.5604997616108316,1.8243068483519838,1.0,Y,0.0,1.0,0.0,1.0,1.0,0.0,0.0,0.0,1.0,0.0,1.0,0.0,1.0,0.0,0.0,3716.0
214,2.2047270516811257,2.1818719977998615,1.757131886054717,1.9299082210139993,1.0,Y,0.0,1.0,1.0,0.0,1.0,0.0,0.0,0.0,0.0,1.0,1.0,0.0,1.0,0.0,0.0,5787.0
215,2.3053910338556376,0.0,1.8928641420201489,1.9299082210139993,1.0,Y,1.0,0.0,1.0,0.0,1.0,0.0,0.0,0.0,1.0,0.0,1.0,0.0,0.0,1.0,0.0,8333.0
216,2.2035446393776277,2.138225487348039,1.783182776049518,1.9299082210139993,1.0,Y,0.0,1.0,0.0,1.0,0.0,1.0,0.0,0.0,1.0,0.0,1.0,0.0,0.0,1.0,0.0,4934.0
217,2.2630835984043935,2.096748451375384,1.8150956430032537,1.9299082210139993,1.0,Y,0.0,1.0,0.0,1.0,0.0,1.0,0.0,0.0,1.0,0.0,1.0,0.0,1.0,0.0,0.0,6760.0
218,2.2676243521452735,0.0,1.8787285104503608,1.9299082210139993,1.0,N,0.0,1.0,0.0,1.0,1.0,0.0,0.0,0.0,1.0,0.0,1.0,0.0,0.0,0.0,1.0,5746.0
219,2.2137734714105113,0.0,1.7599564649868773,1.9299082210139993,1.0,Y,1.0,0.0,1.0,0.0,1.0,0.0,0.0,0.0,1.0,0.0,0.0,1.0,0.0,0.0,1.0,3463.0
220,2.224209580429319,0.0,1.74525954872198,1.9299082210139993,1.0,Y,1.0,0.0,1.0,0.0,0.0,1.0,0.0,0.0,1.0,0.0,1.0,0.0,1.0,0.0,0.0,3812.0
221,2.2089900383094583,0.0,1.7182404735813999,1.9299082210139993,1.0,Y,0.0,1.0,0.0,1.0,0.0,1.0,0.0,0.0,1.0,0.0,1.0,0.0,0.0,1.0,0.0,3315.0
222,2.2689306356906718,2.2531209847743163,1.757131886054717,1.9299082210139993,1.0,Y,0.0,1.0,0.0,1.0,0.0,0.0,1.0,0.0,1.0,0.0,1.0,0.0,1.0,0.0,0.0,10819.0
223,2.177977916166754,2.150932823121706,1.783182776049518,1.8243068483519838,1.0,N,0.0,1.0,0.0,1.0,0.0,1.0,0.0,0.0,0.0,1.0,1.0,0.0,0.0,0.0,1.0,4493.0
224,2.196665479147493,2.2668099530550263,1.8000344713048928,1.6313704001963978,1.0,Y,0.0,1.0,1.0,0.0,1.0,0.0,0.0,0.0,1.0,0.0,1.0,0.0,0.0,0.0,1.0,8666.0
225,2.276292115320346,2.100577651859118,1.7389471062414084,1.9299082210139993,1.0,Y,0.0,1.0,0.0,1.0,0.0,0.0,1.0,0.0,1.0,0.0,0.0,1.0,1.0,0.0,0.0,7550.0
226,2.2119585437908915,2.24001182710126,1.7613486395430595,1.9299082210139993,1.0,Y,0.0,1.0,0.0,1.0,1.0,0.0,0.0,0.0,0.0,1.0,1.0,0.0,0.0,1.0,0.0,7823.0
227,2.2729481068383177,2.237966161380578,1.757131886054717,1.8243068483519838,1.0,N,0.0,1.0,1.0,0.0,1.0,0.0,0.0,0.0,1.0,0.0,0.0,1.0,0.0,0.0,1.0,10383.0
228,2.3204538368978613,0.0,1.74525954872198,1.9299082210139993,1.0,Y,0.0,1.0,0.0,1.0,0.0,0.0,1.0,0.0,1.0,0.0,1.0,0.0,0.0,0.0,1.0,9703.0
229,2.2819932932011366,0.0,1.7795609835022244,1.8243068483519838,1.0,Y,0.0,1.0,0.0,1.0,0.0,1.0,0.0,0.0,0.0,1.0,1.0,0.0,0.0,0.0,1.0,6608.0
230,2.193505079420925,2.1423802373862797,1.7613486395430595,1.9707236282233618,1.0,Y,0.0,1.0,0.0,1.0,0.0,1.0,0.0,0.0,1.0,0.0,1.0,0.0,0.0,1.0,0.0,4725.0
231,2.1401934641296565,2.143959610356956,1.7067206012930416,1.9299082210139993,1.0,Y,0.0,1.0,0.0,1.0,1.0,0.0,0.0,0.0,1.0,0.0,1.0,0.0,0.0,0.0,1.0,3677.0
232,2.13060744388819,2.226397271928548,1.8418611059620993,1.9299082210139993,0.0,N,0.0,1.0,0.0,1.0,1.0,0.0,0.0,0.0,0.0,1.0,1.0,0.0,0.0,1.0,0.0,5558.0
233,2.2126310939777314,0.0,1.780778386075876,1.9299082210139993,1.0,N,1.0,0.0,1.0,0.0,0.0,0.0,1.0,0.0,1.0,0.0,1.0,0.0,0.0,0.0,1.0,3427.0
234,2.1812187045925033,2.1612012777882548,1.7323562465403226,1.9299082210139993,1.0,Y,0.0,1.0,1.0,0.0,1.0,0.0,0.0,0.0,0.0,1.0,0.0,1.0,1.0,0.0,0.0,4750.0
235,2.1845707429690004,2.2893105461158347,1.8923269571335788,1.8243068483519838,1.0,Y,0.0,1.0,0.0,1.0,0.0,1.0,0.0,0.0,0.0,1.0,1.0,0.0,0.0,1.0,0.0,9762.0
236,2.369861399629956,0.0,1.8346098354356497,1.9299082210139993,0.0,N,0.0,1.0,1.0,0.0,1.0,0.0,0.0,0.0,1.0,0.0,0.0,1.0,0.0,0.0,1.0,16250.0
237,2.20099332608195,0.0,1.8787285104503608,1.9299082210139993,1.0,Y,1.0,0.0,1.0,0.0,0.0,0.0,0.0,1.0,1.0,0.0,1.0,0.0,1.0,0.0,0.0,3083.0
238,2.2728629514733263,0.0,1.749824041026481,1.9299082210139993,0.0,N,0.0,1.0,1.0,0.0,1.0,0.0,0.0,0.0,0.0,1.0,1.0,0.0,1.0,0.0,0.0,6045.0
239,2.2582333150321787,0.0,1.7144962229206409,1.9299082210139993,1.0,N,0.0,1.0,0.0,1.0,0.0,0.0,0.0,1.0,1.0,0.0,1.0,0.0,0.0,0.0,1.0,5250.0
240,2.360336295869209,2.1575788237414684,1.9051345487873121,1.9299082210139993,1.0,N,0.0,1.0,0.0,1.0,1.0,0.0,0.0,0.0,1.0,0.0,1.0,0.0,1.0,0.0,0.0,16783.0
241,2.2516601375281464,0.0,1.7681175901689328,1.9299082210139993,1.0,N,0.0,1.0,0.0,1.0,0.0,0.0,0.0,1.0,0.0,1.0,1.0,0.0,0.0,1.0,0.0,4931.0
242,2.273508192917055,2.2359012887395555,1.9172340894587216,1.9299082210139993,1.0,Y,0.0,1.0,0.0,1.0,0.0,1.0,0.0,0.0,1.0,0.0,1.0,0.0,0.0,0.0,1.0,10333.0
243,2.155354184003961,2.1634089753589176,1.775845981748474,1.9299082210139993,1.0,Y,0.0,1.0,1.0,0.0,1.0,0.0,0.0,0.0,1.0,0.0,1.0,0.0,0.0,1.0,0.0,4269.0
244,2.214339731721952,0.0,1.8000344713048928,1.5284269505599697,1.0,N,1.0,0.0,1.0,0.0,0.0,1.0,0.0,0.0,1.0,0.0,1.0,0.0,0.0,1.0,0.0,3481.0
245,2.290712409213045,0.0,1.757131886054717,1.9299082210139993,1.0,Y,1.0,0.0,1.0,0.0,1.0,0.0,0.0,0.0,1.0,0.0,1.0,0.0,1.0,0.0,0.0,7200.0
246,2.256546131264253,0.0,1.7681175901689328,1.9299082210139993,1.0,Y,0.0,1.0,1.0,0.0,1.0,0.0,0.0,0.0,1.0,0.0,0.0,1.0,0.0,1.0,0.0,5166.0
247,2.231922918286781,2.213267381926732,1.795731656444039,1.9299082210139993,1.0,Y,0.0,1.0,1.0,0.0,1.0,0.0,0.0,0.0,1.0,0.0,1.0,0.0,1.0,0.0,0.0,7542.0
248,2.2467796182507818,2.108468544903815,1.7946353028541102,1.9299082210139993,1.0,Y,0.0,1.0,0.0,1.0,0.0,0.0,1.0,0.0,1.0,0.0,1.0,0.0,0.0,1.0,0.0,6095.0
249,2.237966161380578,2.1403233641353414,1.8052356503890232,1.9299082210139993,0.0,Y,0.0,1.0,0.0,1.0,0.0,0.0,0.0,1.0,1.0,0.0,1.0,0.0,0.0,0.0,1.0,6144.0
250,2.2123434194432487,0.0,1.777094949793928,1.9299082210139993,1.0,N,1.0,0.0,1.0,0.0,1.0,0.0,0.0,0.0,1.0,0.0,1.0,0.0,1.0,0.0,0.0,3418.0
251,2.193272708261211,2.1226305630422626,1.7067206012930416,1.9299082210139993,1.0,Y,1.0,0.0,1.0,0.0,0.0,1.0,0.0,0.0,1.0,0.0,1.0,0.0,0.0,0.0,1.0,4436.0
252,2.206372731111962,0.0,1.4892992254175486,1.9299082210139993,1.0,Y,1.0,0.0,1.0,0.0,1.0,0.0,0.0,0.0,1.0,0.0,1.0,0.0,0.0,0.0,1.0,3237.0
253,2.333979654090938,0.0,1.7783332269022314,1.9299082210139993,1.0,Y,0.0,1.0,0.0,1.0,1.0,0.0,0.0,0.0,1.0,0.0,1.0,0.0,0.0,0.0,1.0,11146.0
254,2.1915914544103217,2.1432676121362966,1.765447506801529,1.9299082210139993,1.0,Y,0.0,1.0,1.0,0.0,1.0,0.0,0.0,0.0,1.0,0.0,1.0,0.0,1.0,0.0,0.0,4690.0
255,2.182822609897471,2.1641344957974424,1.7946353028541102,1.9299082210139993,1.0,Y,0.0,1.0,0.0,1.0,1.0,0.0,0.0,0.0,1.0,0.0,1.0,0.0,0.0,1.0,0.0,4843.0
256,2.2266742268577864,0.0,1.7067206012930416,1.9299082210139993,1.0,Y,0.0,1.0,0.0,1.0,0.0,0.0,1.0,0.0,1.0,0.0,1.0,0.0,0.0,1.0,0.0,3900.0
257,2.188264529161689,2.1423165656372976,1.749824041026481,1.9299082210139993,1.0,Y,0.0,1.0,0.0,1.0,0.0,1.0,0.0,0.0,1.0,0.0,1.0,0.0,0.0,1.0,0.0,4592.0
258,2.229212843942471,2.2076228989232902,1.8464903775306214,1.9299082210139993,1.0,Y,0.0,1.0,0.0,1.0,1.0,0.0,0.0,0.0,1.0,0.0,1.0,0.0,0.0,1.0,0.0,7267.0
259,2.2017086069547442,2.100577651859118,1.6853704905634923,1.9299082210139993,1.0,Y,0.0,1.0,0.0,1.0,1.0,0.0,0.0,0.0,1.0,0.0,1.0,0.0,0.0,0.0,1.0,4403.0
260,2.232053837950823,0.0,1.7627277196400848,1.9299082210139993,1.0,Y,1.0,0.0,0.0,1.0,1.0,0.0,0.0,0.0,0.0,1.0,1.0,0.0,1.0,0.0,0.0,4100.0
261,2.2308161568397367,2.1741164294705753,1.8031780619573843,1.9299082210139993,0.0,N,0.0,1.0,1.0,0.0,0.0,1.0,0.0,0.0,0.0,1.0,0.0,1.0,0.0,0.0,1.0,6479.0
262,2.2274180939049026,2.0393824002626744,1.74525954872198,1.9299082210139993,1.0,Y,0.0,1.0,0.0,1.0,1.0,0.0,0.0,0.0,1.0,0.0,1.0,0.0,0.0,1.0,0.0,4727.0
263,2.168085642155972,2.0661621815042643,1.6807250824647135,1.8243068483519838,1.0,Y,0.0,1.0,0.0,1.0,0.0,0.0,1.0,0.0,1.0,0.0,1.0,0.0,0.0,0.0,1.0,3286.7999878
264,2.1403233641353414,2.1304650294995247,1.6109034750189168,1.9299082210139993,1.0,Y,1.0,0.0,1.0,0.0,1.0,0.0,0.0,0.0,1.0,0.0,1.0,0.0,0.0,0.0,1.0,3477.0
265,2.2036495375380456,2.199910687153009,1.7047134862451474,1.9299082210139993,1.0,Y,0.0,1.0,1.0,0.0,1.0,0.0,0.0,0.0,1.0,0.0,1.0,0.0,1.0,0.0,0.0,6211.0
266,2.181958786434122,2.13403816125328,1.7236894193081456,1.9031681972312866,1.0,N,1.0,0.0,1.0,0.0,1.0,0.0,0.0,0.0,1.0,0.0,0.0,1.0,0.0,1.0,0.0,4317.0
267,2.2210971831061213,2.1519252521271723,1.757131886054717,1.9299082210139993,1.0,Y,0.0,1.0,0.0,1.0,1.0,0.0,0.0,0.0,1.0,0.0,1.0,0.0,1.0,0.0,0.0,5704.0
268,2.2326798016753457,0.0,1.749824041026481,1.9299082210139993,1.0,Y,1.0,0.0,1.0,0.0,1.0,0.0,0.0,0.0,1.0,0.0,1.0,0.0,0.0,1.0,0.0,4124.0
269,2.3184578513567997,0.0,1.8304098214920528,1.9299082210139993,1.0,Y,0.0,1.0,1.0,0.0,1.0,0.0,0.0,0.0,1.0,0.0,1.0,0.0,1.0,0.0,0.0,9508.0
270,2.2007057699063775,2.173646836403321,1.781985597277665,1.9299082210139993,1.0,Y,0.0,1.0,0.0,1.0,1.0,0.0,0.0,0.0,1.0,0.0,1.0,0.0,1.0,0.0,0.0,5491.0
271,2.2396013164077413,0.0,1.7667886546960463,1.9299082210139993,0.0,N,0.0,1.0,0.0,1.0,0.0,0.0,1.0,0.0,1.0,0.0,1.0,0.0,0.0,1.0,0.0,4400.0
272,2.203474645739483,2.1226305630422626,1.775845981748474,1.9299082210139993,1.0,Y,0.0,1.0,0.0,1.0,0.0,0.0,1.0,0.0,1.0,0.0,1.0,0.0,0.0,0.0,1.0,4713.0
273,2.261500774762126,0.0,1.7867156538126496,1.9707236282233618,0.0,N,1.0,0.0,1.0,0.0,1.0,0.0,0.0,0.0,1.0,0.0,1.0,0.0,0.0,0.0,1.0,5417.0
274,2.1720816860400354,2.2096172432101038,1.8169871572575529,1.9299082210139993,1.0,Y,0.0,1.0,0.0,1.0,1.0,0.0,0.0,0.0,1.0,0.0,1.0,0.0,0.0,1.0,0.0,5717.0
275,2.239987727830514,2.095769820615829,1.742136743805324,1.9299082210139993,1.0,Y,0.0,1.0,0.0,1.0,0.0,0.0,0.0,1.0,1.0,0.0,1.0,0.0,0.0,0.0,1.0,5666.0
276,2.2860280145848515,0.0,1.8410740844298052,1.9299082210139993,1.0,Y,0.0,1.0,0.0,1.0,0.0,1.0,0.0,0.0,1.0,0.0,1.0,0.0,0.0,1.0,0.0,6875.0
277,2.245831840753854,0.0,1.777094949793928,1.9299082210139993,1.0,Y,1.0,0.0,0.0,1.0,0.0,1.0,0.0,0.0,1.0,0.0,1.0,0.0,0.0,0.0,1.0,4666.0
278,2.2531209847743163,2.179366788812757,1.795731656444039,1.9707236282233618,1.0,N,1.0,0.0,1.0,0.0,1.0,0.0,0.0,0.0,1.0,0.0,1.0,0.0,1.0,0.0,0.0,7541.0
279,2.15273550553788,2.1951548348495544,1.7467966996992919,1.9299082210139993,1.0,N,0.0,1.0,0.0,1.0,0.0,1.0,0.0,0.0,1.0,0.0,1.0,0.0,0.0,0.0,1.0,4939.0
280,2.1396069221994747,2.1954967223722286,1.712589050021264,1.9299082210139993,0.0,N,0.0,1.0,0.0,1.0,1.0,0.0,0.0,0.0,0.0,1.0,1.0,0.0,0.0,0.0,1.0,4734.0
281,2.1932339273675527,2.1362875431745425,1.7340313214932865,1.9299082210139993,1.0,Y,0.0,1.0,0.0,1.0,1.0,0.0,0.0,0.0,0.0,1.0,1.0,0.0,0.0,1.0,0.0,4625.0
282,2.2531209847743163,0.0,1.7733152706473527,1.9299082210139993,1.0,Y,1.0,0.0,1.0,0.0,1.0,0.0,0.0,0.0,1.0,0.0,1.0,0.0,1.0,0.0,0.0,5000.0
283,2.1275026651765137,2.139802799480491,1.7182404735813999,1.9299082210139993,1.0,Y,0.0,1.0,0.0,1.0,0.0,1.0,0.0,0.0,1.0,0.0,1.0,0.0,0.0,0.0,1.0,3428.0
284,2.2294012669472845,2.17752581681183,1.783182776049518,1.9299082210139993,1.0,Y,0.0,1.0,1.0,0.0,1.0,0.0,0.0,0.0,1.0,0.0,1.0,0.0,1.0,0.0,0.0,6500.0
285,2.2227809675051384,2.1304650294995247,1.777094949793928,1.9299082210139993,1.0,Y,1.0,0.0,1.0,0.0,1.0,0.0,0.0,0.0,1.0,0.0,1.0,0.0,1.0,0.0,0.0,5428.0
286,2.172890968199372,2.1436456313442718,1.7323562465403226,1.9299082210139993,0.0,N,1.0,0.0,1.0,0.0,1.0,0.0,0.0,0.0,1.0,0.0,1.0,0.0,0.0,0.0,1.0,4263.0
287,2.2970509180748206,0.0,1.828693382742085,1.9299082210139993,1.0,Y,0.0,1.0,0.0,1.0,0.0,0.0,1.0,0.0,0.0,1.0,1.0,0.0,1.0,0.0,0.0,7667.0
288,2.1948499522647738,0.0,1.6942663054703442,1.9299082210139993,1.0,Y,1.0,0.0,1.0,0.0,1.0,0.0,0.0,0.0,1.0,0.0,1.0,0.0,0.0,1.0,0.0,2917.0
289,2.1952309107565195,2.173127778207971,1.7437063358613225,1.9299082210139993,1.0,Y,0.0,1.0,1.0,0.0,1.0,0.0,0.0,0.0,0.0,1.0,1.0,0.0,0.0,1.0,0.0,5332.0
290,2.1778424971297,0.0,1.6180113091810355,1.9299082210139993,1.0,Y,1.0,0.0,1.0,0.0,1.0,0.0,0.0,0.0,1.0,0.0,1.0,0.0,1.0,0.0,0.0,2507.0
291,2.2676243521452735,0.0,1.7878742218230284,1.6942663054703442,1.0,Y,0.0,1.0,0.0,1.0,0.0,0.0,1.0,0.0,1.0,0.0,0.0,1.0,1.0,0.0,0.0,5746.0
292,2.1762950246326698,2.1423802373862797,1.804210600378433,1.9299082210139993,1.0,N,0.0,1.0,0.0,1.0,1.0,0.0,0.0,0.0,1.0,0.0,1.0,0.0,1.0,0.0,0.0,4316.0
293,2.211733337794307,2.1285960550719913,1.7437063358613225,1.8243068483519838,1.0,Y,0.0,1.0,0.0,1.0,0.0,1.0,0.0,0.0,0.0,1.0,1.0,0.0,0.0,0.0,1.0,5039.0
294,2.2214771113481016,0.0,1.757131886054717,1.9299082210139993,1.0,Y,0.0,1.0,0.0,1.0,0.0,0.0,1.0,0.0,1.0,0.0,1.0,0.0,0.0,1.0,0.0,3717.0
295,2.155241690146738,2.159432931766962,1.7026798402849839,1.9299082210139993,1.0,Y,0.0,1.0,0.0,1.0,1.0,0.0,0.0,0.0,1.0,0.0,1.0,0.0,0.0,0.0,1.0,4192.0
296,2.2162040792847604,0.0,1.74525954872198,1.9299082210139993,1.0,Y,1.0,0.0,1.0,0.0,0.0,1.0,0.0,0.0,1.0,0.0,1.0,0.0,0.0,1.0,0.0,3541.0
297,2.3234107621942104,0.0,1.8000344713048928,1.9299082210139993,1.0,N,0.0,1.0,0.0,1.0,0.0,1.0,0.0,0.0,1.0,0.0,0.0,1.0,1.0,0.0,0.0,10000.0
298,2.172890968199372,2.1612012777882548,1.749824041026481,1.9299082210139993,1.0,Y,0.0,1.0,0.0,1.0,1.0,0.0,0.0,0.0,1.0,0.0,1.0,0.0,0.0,1.0,0.0,4567.0
299,2.238187429405965,1.832105201899316,1.7627277196400848,1.9299082210139993,1.0,Y,0.0,1.0,0.0,1.0,0.0,0.0,0.0,1.0,1.0,0.0,1.0,0.0,0.0,1.0,0.0,4531.0
300,2.2039287260641363,2.1974123350529844,1.7733152706473527,1.9299082210139993,1.0,Y,1.0,0.0,1.0,0.0,1.0,0.0,0.0,0.0,1.0,0.0,1.0,0.0,1.0,0.0,0.0,6151.0
301,2.36235025329959,0.0,1.9031681972312866,1.9299082210139993,1.0,Y,0.0,1.0,0.0,1.0,0.0,0.0,0.0,1.0,1.0,0.0,1.0,0.0,1.0,0.0,0.0,15000.0
302,2.309290361266332,2.252763143065776,1.9361837416040704,1.9299082210139993,0.0,N,0.0,1.0,0.0,1.0,0.0,1.0,0.0,0.0,1.0,0.0,0.0,1.0,1.0,0.0,0.0,13649.0
303,2.251360977558433,0.0,1.77073964639405,1.9299082210139993,0.0,Y,0.0,1.0,1.0,0.0,1.0,0.0,0.0,0.0,1.0,0.0,1.0,0.0,1.0,0.0,0.0,4917.0
304,2.268912863779545,2.160828694010215,1.827827111719085,1.9299082210139993,1.0,Y,0.0,1.0,0.0,1.0,1.0,0.0,0.0,0.0,1.0,0.0,0.0,1.0,0.0,1.0,0.0,7978.0
305,2.237966161380578,2.1752810469412767,1.742136743805324,1.9299082210139993,1.0,N,1.0,0.0,0.0,1.0,1.0,0.0,0.0,0.0,1.0,0.0,1.0,0.0,0.0,0.0,1.0,6784.0
306,2.17752581681183,0.0,1.6524030880939045,1.9299082210139993,1.0,Y,1.0,0.0,1.0,0.0,1.0,0.0,0.0,0.0,1.0,0.0,1.0,0.0,0.0,0.0,1.0,2500.0
307,2.2392133474217233,2.1391484534254914,1.752790725901759,1.9299082210139993,1.0,Y,0.0,1.0,1.0,0.0,0.0,1.0,0.0,0.0,1.0,0.0,1.0,0.0,0.0,0.0,1.0,6177.0
308,2.195534637940949,0.0,1.7218947624700471,1.9299082210139993,1.0,Y,0.0,1.0,1.0,0.0,1.0,0.0,0.0,0.0,1.0,0.0,1.0,0.0,0.0,1.0,0.0,2935.0
309,2.1915914544103217,0.0,1.6632944814375767,1.9299082210139993,1.0,Y,0.0,1.0,1.0,0.0,1.0,0.0,0.0,0.0,1.0,0.0,1.0,0.0,0.0,0.0,1.0,2833.0
310,2.3217601751869292,2.1417417768501896,1.8260781474077188,1.8243068483519838,1.0,Y,0.0,1.0,0.0,1.0,0.0,1.0,0.0,0.0,1.0,0.0,0.0,1.0,0.0,0.0,1.0,11666.0
311,2.2631403142197084,2.2417549590770176,1.6606403793348095,1.9299082210139993,1.0,Y,0.0,1.0,0.0,1.0,1.0,0.0,0.0,0.0,1.0,0.0,0.0,1.0,0.0,1.0,0.0,9993.0
312,2.2582333150321787,2.019590851607455,1.8052356503890232,1.9299082210139993,1.0,Y,0.0,1.0,0.0,1.0,0.0,1.0,0.0,0.0,1.0,0.0,1.0,0.0,1.0,0.0,0.0,5938.0
313,2.17752581681183,2.2443232535615665,1.8206950566924849,1.9299082210139993,1.0,Y,0.0,1.0,0.0,1.0,0.0,0.0,1.0,0.0,1.0,0.0,0.0,1.0,1.0,0.0,0.0,7100.0
314,2.233611225860397,0.0,1.6632944814375767,1.9299082210139993,1.0,Y,1.0,0.0,1.0,0.0,1.0,0.0,0.0,0.0,1.0,0.0,1.0,0.0,0.0,1.0,0.0,4160.0
315,2.183977207911791,2.1246814398931857,1.81792340526738,1.9299082210139993,1.0,N,0.0,1.0,0.0,1.0,0.0,0.0,0.0,1.0,0.0,1.0,1.0,0.0,1.0,0.0,0.0,4234.0
316,2.1718424379725065,0.0,1.579009137828587,1.9299082210139993,1.0,N,1.0,0.0,1.0,0.0,1.0,0.0,0.0,0.0,1.0,0.0,1.0,0.0,1.0,0.0,0.0,2378.0
317,2.243257590584371,2.093685790010467,1.8031780619573843,1.9299082210139993,1.0,Y,0.0,1.0,0.0,1.0,0.0,1.0,0.0,0.0,0.0,1.0,1.0,0.0,0.0,0.0,1.0,5783.0
318,2.204172374409295,0.0,1.6710010327416251,1.9299082210139993,1.0,Y,0.0,1.0,0.0,1.0,0.0,0.0,0.0,1.0,0.0,1.0,1.0,0.0,0.0,1.0,0.0,3173.0
319,2.1812187045925033,2.1695167518915612,1.7640939343176614,1.9299082210139993,1.0,Y,0.0,1.0,0.0,1.0,0.0,0.0,1.0,0.0,1.0,0.0,1.0,0.0,1.0,0.0,0.0,4913.0
320,2.177480496223225,2.1756047714217845,1.8052356503890232,1.9299082210139993,1.0,Y,0.0,1.0,0.0,1.0,1.0,0.0,0.0,0.0,1.0,0.0,1.0,0.0,0.0,1.0,0.0,4957.0
321,2.2156484754341585,2.2061344293258616,1.7968196318819551,1.9299082210139993,0.0,N,0.0,1.0,0.0,1.0,1.0,0.0,0.0,0.0,0.0,1.0,1.0,0.0,1.0,0.0,0.0,6753.0
322,2.20099332608195,2.16125439450931,1.765447506801529,1.9299082210139993,1.0,Y,0.0,1.0,0.0,1.0,0.0,0.0,1.0,0.0,0.0,1.0,1.0,0.0,0.0,0.0,1.0,5251.0
323,2.277645390657122,2.243930800008688,1.8810945047250232,1.9299082210139993,1.0,Y,0.0,1.0,0.0,1.0,1.0,0.0,0.0,0.0,1.0,0.0,1.0,0.0,0.0,1.0,0.0,10916.0
324,2.1830374199525973,2.276292115320346,1.8304098214920528,1.9299082210139993,1.0,Y,0.0,1.0,0.0,1.0,1.0,0.0,0.0,0.0,1.0,0.0,1.0,0.0,1.0,0.0,0.0,8875.0
325,2.313947288402717,0.0,1.8615532204780585,1.9299082210139993,1.0,Y,0.0,1.0,0.0,1.0,1.0,0.0,0.0,0.0,1.0,0.0,1.0,0.0,0.0,1.0,0.0,9083.0
326,2.3102479837622543,2.233791299914659,1.9070714954756425,1.9299082210139993,1.0,N,0.0,1.0,1.0,0.0,1.0,0.0,0.0,0.0,1.0,0.0,1.0,0.0,1.0,0.0,0.0,12917.0
327,2.1847818786045496,2.1566391755286243,1.7163798514467992,1.9299082210139993,1.0,Y,0.0,1.0,0.0,1.0,0.0,0.0,0.0,1.0,1.0,0.0,1.0,0.0,1.0,0.0,0.0,4749.0
328,2.2630835984043935,0.0,1.7340313214932865,1.9299082210139993,0.0,N,1.0,0.0,0.0,1.0,1.0,0.0,0.0,0.0,1.0,0.0,0.0,1.0,1.0,0.0,0.0,5500.0
329,2.1739757781531206,1.977759899174307,1.77073964639405,1.9299082210139993,1.0,Y,1.0,0.0,0.0,1.0,1.0,0.0,0.0,0.0,1.0,0.0,1.0,0.0,0.0,1.0,0.0,2928.0
330,2.2242379405546675,0.0,1.7513148227387971,1.8243068483519838,1.0,Y,1.0,0.0,1.0,0.0,1.0,0.0,0.0,0.0,1.0,0.0,1.0,0.0,0.0,0.0,1.0,3813.0
331,2.3053910338556376,2.203963569560653,1.8102520538839093,1.9299082210139993,1.0,Y,0.0,1.0,0.0,1.0,0.0,0.0,1.0,0.0,1.0,0.0,1.0,0.0,1.0,0.0,0.0,11500.0
332,2.225980357458688,0.0,1.6524030880939045,1.9299082210139993,1.0,N,0.0,1.0,0.0,1.0,0.0,1.0,0.0,0.0,1.0,0.0,1.0,0.0,0.0,0.0,1.0,3875.0
333,2.1979688386872795,2.1304650294995247,1.7254630513334037,1.9707236282233618,0.0,N,0.0,1.0,0.0,1.0,1.0,0.0,0.0,0.0,0.0,1.0,1.0,0.0,0.0,0.0,1.0,4666.0
334,2.256566394536665,2.203963569560653,1.8410740844298052,1.9299082210139993,1.0,Y,0.0,1.0,0.0,1.0,0.0,0.0,0.0,1.0,1.0,0.0,1.0,0.0,0.0,1.0,0.0,8334.0
335,2.247115846951909,0.0,1.6876424851132221,1.9299082210139993,1.0,N,1.0,0.0,1.0,0.0,0.0,1.0,0.0,0.0,1.0,0.0,1.0,0.0,0.0,1.0,0.0,4723.0
336,2.2531209847743163,2.220007707686586,1.866876239930001,1.9299082210139993,1.0,Y,0.0,1.0,0.0,1.0,0.0,0.0,1.0,0.0,1.0,0.0,1.0,0.0,0.0,1.0,0.0,8667.0
337,2.247718094334587,2.169663664343269,1.77073964639405,1.9299082210139993,1.0,Y,0.0,1.0,0.0,1.0,1.0,0.0,0.0,0.0,1.0,0.0,1.0,0.0,0.0,0.0,1.0,7083.0
338,2.1984486477658414,2.199182344093906,1.7163798514467992,1.9031681972312866,1.0,Y,0.0,1.0,0.0,1.0,1.0,0.0,0.0,0.0,1.0,0.0,1.0,0.0,0.0,0.0,1.0,6046.0
339,2.285241003770055,0.0,1.7843700777314968,1.9299082210139993,1.0,Y,0.0,1.0,1.0,0.0,1.0,0.0,0.0,0.0,1.0,0.0,0.0,1.0,1.0,0.0,0.0,6822.0
340,2.275732030624415,0.0,1.7745861482661287,1.9299082210139993,1.0,N,0.0,1.0,1.0,0.0,1.0,0.0,0.0,0.0,0.0,1.0,1.0,0.0,1.0,0.0,0.0,6216.0
341,2.17752581681183,0.0,1.7182404735813999,1.9707236282233618,1.0,N,0.0,1.0,1.0,0.0,1.0,0.0,0.0,0.0,1.0,0.0,1.0,0.0,0.0,1.0,0.0,2500.0
342,2.2556911393013426,0.0,1.7627277196400848,1.9299082210139993,0.0,N,0.0,1.0,1.0,0.0,1.0,0.0,0.0,0.0,1.0,0.0,1.0,0.0,1.0,0.0,0.0,5124.0
343,2.277515808367893,0.0,1.8197772781208725,1.9299082210139993,1.0,Y,0.0,1.0,0.0,1.0,0.0,1.0,0.0,0.0,1.0,0.0,1.0,0.0,0.0,1.0,0.0,6325.0
344,2.3669889516348928,0.0,1.6144954397020792,1.9299082210139993,1.0,Y,1.0,0.0,1.0,0.0,1.0,0.0,0.0,0.0,1.0,0.0,0.0,1.0,0.0,1.0,0.0,15759.0
345,2.2569303945507415,0.0,1.8000344713048928,1.9299082210139993,1.0,Y,0.0,1.0,0.0,1.0,0.0,0.0,1.0,0.0,1.0,0.0,1.0,0.0,0.0,1.0,0.0,5185.0
346,2.3165222185001624,2.2997131199751855,1.9377050613615177,1.9031681972312866,1.0,Y,0.0,1.0,0.0,1.0,0.0,0.0,1.0,0.0,1.0,0.0,0.0,1.0,1.0,0.0,0.0,17196.0
347,2.2002367148287854,2.1511671875769824,1.7437063358613225,1.8243068483519838,0.0,N,0.0,1.0,1.0,0.0,0.0,1.0,0.0,0.0,1.0,0.0,1.0,0.0,0.0,0.0,1.0,5049.0
348,2.1888334606206614,2.114590480571038,1.742136743805324,1.9299082210139993,1.0,Y,1.0,0.0,1.0,0.0,1.0,0.0,0.0,0.0,1.0,0.0,1.0,0.0,0.0,0.0,1.0,4223.0
349,2.249196360833088,2.057798010092971,1.757131886054717,1.8243068483519838,1.0,Y,0.0,1.0,0.0,1.0,1.0,0.0,0.0,0.0,1.0,0.0,1.0,0.0,0.0,0.0,1.0,5740.0
350,2.3102479837622543,2.2530369077903902,1.77073964639405,1.9299082210139993,1.0,Y,0.0,1.0,0.0,1.0,0.0,0.0,0.0,1.0,1.0,0.0,1.0,0.0,1.0,0.0,0.0,13746.0
351,2.2373983804655118,0.0,1.77073964639405,1.9299082210139993,1.0,Y,0.0,1.0,0.0,1.0,1.0,0.0,0.0,0.0,1.0,0.0,1.0,0.0,0.0,1.0,0.0,4310.0
352,2.200489557104345,0.0,1.6632944814375767,1.9707236282233618,1.0,N,0.0,1.0,1.0,0.0,1.0,0.0,0.0,0.0,1.0,0.0,1.0,0.0,0.0,0.0,1.0,3069.0
353,2.26099943743726,0.0,1.77073964639405,1.9299082210139993,1.0,Y,0.0,1.0,0.0,1.0,0.0,0.0,1.0,0.0,1.0,0.0,1.0,0.0,0.0,0.0,1.0,5391.0
354,2.2095843313936494,2.17752581681183,1.7681175901689328,1.9299082210139993,1.0,Y,0.0,1.0,0.0,1.0,1.0,0.0,0.0,0.0,1.0,0.0,1.0,0.0,0.0,1.0,0.0,5833.0
355,2.2710738948376883,2.235447596432718,1.9011715868708958,1.9299082210139993,1.0,Y,0.0,1.0,1.0,0.0,1.0,0.0,0.0,0.0,1.0,0.0,1.0,0.0,0.0,1.0,0.0,10173.0
356,2.2720930397111068,0.0,1.801090104041353,1.9299082210139993,1.0,Y,1.0,0.0,1.0,0.0,1.0,0.0,0.0,0.0,1.0,0.0,1.0,0.0,0.0,0.0,1.0,6000.0
357,2.2902474922985374,0.0,1.7681175901689328,1.9299082210139993,1.0,Y,0.0,1.0,1.0,0.0,1.0,0.0,0.0,0.0,1.0,0.0,0.0,1.0,0.0,0.0,1.0,7167.0
358,2.2435367333742726,0.0,1.7254630513334037,1.9299082210139993,1.0,N,0.0,1.0,0.0,1.0,0.0,0.0,1.0,0.0,1.0,0.0,1.0,0.0,0.0,0.0,1.0,4566.0
359,2.220007707686586,0.0,1.7467966996992919,1.8243068483519838,1.0,Y,0.0,1.0,1.0,0.0,0.0,1.0,0.0,0.0,1.0,0.0,1.0,0.0,0.0,0.0,1.0,3667.0
360,2.170297862747119,2.125655021547276,1.7733152706473527,1.9299082210139993,1.0,Y,0.0,1.0,1.0,0.0,1.0,0.0,0.0,0.0,0.0,1.0,1.0,0.0,0.0,1.0,0.0,3946.0
361,2.169663664343269,2.17369389299615,1.7783332269022314,1.9299082210139993,1.0,Y,0.0,1.0,0.0,1.0,1.0,0.0,0.0,0.0,1.0,0.0,1.0,0.0,0.0,0.0,1.0,4750.0
362,2.262856393166567,0.0,1.7640939343176614,1.9299082210139993,1.0,Y,0.0,1.0,0.0,1.0,1.0,0.0,0.0,0.0,1.0,0.0,1.0,0.0,1.0,0.0,0.0,5488.0
363,2.314856928944482,0.0,1.828693382742085,1.9299082210139993,1.0,Y,0.0,1.0,1.0,0.0,0.0,0.0,0.0,1.0,1.0,0.0,1.0,0.0,1.0,0.0,0.0,9167.0
364,2.3184164387999524,0.0,1.890155921849322,1.9299082210139993,1.0,Y,0.0,1.0,0.0,1.0,0.0,0.0,0.0,1.0,1.0,0.0,1.0,0.0,1.0,0.0,0.0,9504.0
365,2.1812187045925033,2.1584009080947175,1.757131886054717,1.9299082210139993,1.0,Y,0.0,1.0,0.0,1.0,1.0,0.0,0.0,0.0,1.0,0.0,1.0,0.0,0.0,0.0,1.0,4698.0
366,2.151517749025028,2.1275026651765137,1.7467966996992919,1.8243068483519838,1.0,Y,0.0,1.0,0.0,1.0,0.0,0.0,1.0,0.0,0.0,1.0,1.0,0.0,0.0,1.0,0.0,3618.0
367,2.20160164167615,2.109599866397226,1.7467966996992919,1.9299082210139993,1.0,Y,0.0,1.0,0.0,1.0,0.0,0.0,1.0,0.0,1.0,0.0,1.0,0.0,0.0,0.0,1.0,4500.0
368,2.207690028374359,1.9718770561383445,1.777094949793928,1.9299082210139993,1.0,Y,0.0,1.0,0.0,1.0,0.0,0.0,1.0,0.0,1.0,0.0,1.0,0.0,0.0,1.0,0.0,3760.0
369,2.2044154268451073,0.0,1.6632944814375767,1.9299082210139993,0.0,N,1.0,0.0,1.0,0.0,1.0,0.0,0.0,0.0,1.0,0.0,1.0,0.0,0.0,0.0,1.0,3180.0
370,2.199182344093906,2.114590480571038,1.7163798514467992,1.9299082210139993,1.0,Y,0.0,1.0,0.0,1.0,1.0,0.0,0.0,0.0,1.0,0.0,1.0,0.0,0.0,0.0,1.0,4492.0
371,2.226729523454476,2.1304650294995247,1.7405504459900154,1.9299082210139993,1.0,Y,0.0,1.0,1.0,0.0,1.0,0.0,0.0,0.0,0.0,1.0,1.0,0.0,1.0,0.0,0.0,5568.0
372,2.1179272289544824,2.1396069221994747,1.7306622908306295,1.9299082210139993,0.0,N,1.0,0.0,1.0,0.0,1.0,0.0,0.0,0.0,1.0,0.0,1.0,0.0,0.0,1.0,0.0,3300.0
373,2.193775500671237,0.0,1.5745651437258248,1.8243068483519838,0.0,N,0.0,1.0,0.0,1.0,0.0,0.0,1.0,0.0,0.0,1.0,1.0,0.0,0.0,0.0,1.0,2889.0
374,2.188468087843546,0.0,1.6466671712706678,1.9031681972312866,1.0,N,0.0,1.0,1.0,0.0,1.0,0.0,0.0,0.0,0.0,1.0,1.0,0.0,1.0,0.0,0.0,2755.0
375,2.149753033777724,0.0,1.607232291151654,1.9299082210139993,1.0,Y,1.0,0.0,1.0,0.0,1.0,0.0,0.0,0.0,0.0,1.0,1.0,0.0,0.0,1.0,0.0,1963.0
376,2.294038162713022,0.0,1.836254638743768,1.9299082210139993,1.0,N,1.0,0.0,1.0,0.0,1.0,0.0,0.0,0.0,1.0,0.0,0.0,1.0,1.0,0.0,0.0,7441.0
377,2.243094381388354,0.0,1.749824041026481,1.9299082210139993,1.0,Y,1.0,0.0,1.0,0.0,1.0,0.0,0.0,0.0,1.0,0.0,1.0,0.0,0.0,1.0,0.0,4547.0
378,2.1612012777882548,2.172890968199372,1.749824041026481,1.9299082210139993,1.0,Y,0.0,1.0,0.0,1.0,1.0,0.0,0.0,0.0,0.0,1.0,1.0,0.0,0.0,0.0,1.0,4567.0
379,2.163616788630797,0.0,1.6495606454510718,1.9299082210139993,1.0,Y,1.0,0.0,1.0,0.0,1.0,0.0,0.0,0.0,0.0,1.0,1.0,0.0,1.0,0.0,0.0,2213.0
380,2.3049953129245266,0.0,1.7968196318819551,1.9031681972312866,0.0,N,0.0,1.0,0.0,1.0,0.0,1.0,0.0,0.0,1.0,0.0,1.0,0.0,0.0,1.0,0.0,8300.0
381,2.2257572714936917,0.0,1.637662762520353,1.9299082210139993,1.0,N,1.0,0.0,1.0,0.0,0.0,1.0,0.0,0.0,0.0,1.0,0.0,1.0,0.0,1.0,0.0,3867.0
382,2.2763906050431078,0.0,1.8052356503890232,1.9299082210139993,1.0,Y,0.0,1.0,0.0,1.0,1.0,0.0,0.0,0.0,1.0,0.0,1.0,0.0,0.0,0.0,1.0,6256.0
383,2.273727913526173,0.0,1.8545889886375557,1.9299082210139993,0.0,N,0.0,1.0,0.0,1.0,1.0,0.0,0.0,0.0,0.0,1.0,1.0,0.0,1.0,0.0,0.0,6096.0
384,2.1656721831476733,2.1538251409869624,1.742136743805324,1.9299082210139993,1.0,Y,0.0,1.0,0.0,1.0,1.0,0.0,0.0,0.0,0.0,1.0,1.0,0.0,1.0,0.0,0.0,4286.0
385,2.1602404773164956,2.206372731111962,1.8225126721028055,1.9299082210139993,0.0,N,1.0,0.0,0.0,1.0,1.0,0.0,0.0,0.0,0.0,1.0,1.0,0.0,0.0,1.0,0.0,5386.0
386,2.1977836815235747,0.0,1.6313704001963978,1.9299082210139993,1.0,Y,1.0,0.0,1.0,0.0,1.0,0.0,0.0,0.0,1.0,0.0,1.0,0.0,0.0,0.0,1.0,2995.0
387,2.181958786434122,0.0,1.8052356503890232,1.9299082210139993,1.0,N,1.0,0.0,1.0,0.0,0.0,1.0,0.0,0.0,1.0,0.0,1.0,0.0,0.0,0.0,1.0,2600.0
388,2.0710845977097856,2.1891975132507744,1.74525954872198,1.9299082210139993,1.0,Y,0.0,1.0,0.0,1.0,1.0,0.0,0.0,0.0,1.0,0.0,1.0,0.0,1.0,0.0,0.0,3798.0
389,2.206678280170946,2.111061653289431,1.780778386075876,1.9299082210139993,1.0,Y,0.0,1.0,0.0,1.0,1.0,0.0,0.0,0.0,1.0,0.0,1.0,0.0,0.0,1.0,0.0,4663.0
390,2.2691081697038524,0.0,1.780778386075876,1.9299082210139993,1.0,Y,0.0,1.0,0.0,1.0,1.0,0.0,0.0,0.0,1.0,0.0,1.0,0.0,1.0,0.0,0.0,5829.0
391,2.1870344717583983,0.0,1.6853704905634923,1.9299082210139993,0.0,N,1.0,0.0,1.0,0.0,1.0,0.0,0.0,0.0,0.0,1.0,1.0,0.0,0.0,0.0,1.0,2720.0
392,2.140905937813871,2.134175857870013,1.7254630513334037,1.9299082210139993,1.0,Y,0.0,1.0,0.0,1.0,1.0,0.0,0.0,0.0,1.0,0.0,1.0,0.0,0.0,0.0,1.0,3539.0
393,2.2914123769389443,2.1305362605741727,1.742136743805324,1.9299082210139993,0.0,N,0.0,1.0,0.0,1.0,0.0,1.0,0.0,0.0,1.0,0.0,1.0,0.0,0.0,0.0,1.0,8917.0
394,2.3615933984916864,0.0,1.7182404735813999,1.9299082210139993,1.0,Y,0.0,1.0,0.0,1.0,1.0,0.0,0.0,0.0,1.0,0.0,1.0,0.0,0.0,1.0,0.0,14880.0
395,2.1847818786045496,2.237150472643073,1.7585509609170316,1.9299082210139993,1.0,Y,0.0,1.0,0.0,1.0,1.0,0.0,0.0,0.0,1.0,0.0,1.0,0.0,1.0,0.0,0.0,6966.0
396,2.2444613838114007,0.0,1.6876424851132221,1.9299082210139993,1.0,N,1.0,0.0,1.0,0.0,0.0,1.0,0.0,0.0,0.0,1.0,1.0,0.0,1.0,0.0,0.0,4606.0
397,2.270969628110307,0.0,1.7745861482661287,1.9299082210139993,1.0,Y,0.0,1.0,0.0,1.0,0.0,0.0,1.0,0.0,1.0,0.0,1.0,0.0,0.0,1.0,0.0,5935.0
398,2.194964391972501,1.345536796758087,1.700619000072578,1.9299082210139993,1.0,Y,0.0,1.0,0.0,1.0,1.0,0.0,0.0,0.0,1.0,0.0,1.0,0.0,1.0,0.0,0.0,2936.12000084
399,2.18691063712498,0.0,1.6313704001963978,1.8243068483519838,1.0,Y,0.0,1.0,1.0,0.0,1.0,0.0,0.0,0.0,0.0,1.0,1.0,0.0,0.0,0.0,1.0,2717.0
400,2.3088077164424177,0.0,1.7946353028541102,1.9299082210139993,1.0,Y,1.0,0.0,1.0,0.0,0.0,1.0,0.0,0.0,1.0,0.0,0.0,1.0,0.0,1.0,0.0,8624.0
401,2.2803099631819985,0.0,1.7340313214932865,1.9299082210139993,0.0,N,0.0,1.0,1.0,0.0,1.0,0.0,0.0,0.0,1.0,0.0,1.0,0.0,1.0,0.0,0.0,6500.0
402,2.174069567222565,2.1700056434126114,1.7867156538126496,1.9299082210139993,1.0,Y,0.0,1.0,0.0,1.0,1.0,0.0,0.0,0.0,1.0,0.0,1.0,0.0,0.0,1.0,0.0,4765.0
403,2.222434969143803,0.0,1.7254630513334037,1.9299082210139993,1.0,Y,0.0,1.0,1.0,0.0,1.0,0.0,0.0,0.0,1.0,0.0,1.0,0.0,0.0,0.0,1.0,3750.0
404,2.1475346364707946,2.142888226575557,1.5957092304038698,1.9299082210139993,1.0,Y,0.0,1.0,1.0,0.0,1.0,0.0,0.0,0.0,1.0,0.0,1.0,0.0,0.0,1.0,0.0,3777.0
405,2.3273942223067583,0.0,1.8304098214920528,1.9299082210139993,0.0,N,0.0,1.0,1.0,0.0,1.0,0.0,0.0,0.0,1.0,0.0,0.0,1.0,0.0,0.0,1.0,10416.0
406,2.2898937105396584,0.0,1.780778386075876,1.9299082210139993,1.0,Y,1.0,0.0,0.0,1.0,1.0,0.0,0.0,0.0,0.0,1.0,0.0,1.0,1.0,0.0,0.0,7142.0
407,2.2198002204420066,2.2544561988890557,1.8304098214920528,1.9299082210139993,1.0,Y,0.0,1.0,1.0,0.0,1.0,0.0,0.0,0.0,1.0,0.0,1.0,0.0,0.0,1.0,0.0,8724.0
408,2.300069047501682,2.1417417768501896,1.8243068483519838,1.9299082210139993,1.0,Y,0.0,1.0,0.0,1.0,1.0,0.0,0.0,0.0,1.0,0.0,1.0,0.0,1.0,0.0,0.0,9734.0
409,2.2467571609108345,2.151517749025028,1.7924169706841675,1.9299082210139993,1.0,Y,0.0,1.0,1.0,0.0,0.0,0.0,0.0,1.0,0.0,1.0,1.0,0.0,0.0,1.0,0.0,6700.0
410,2.2925626707541142,2.3053910338556376,1.8197772781208725,1.9031681972312866,1.0,Y,0.0,1.0,0.0,1.0,1.0,0.0,0.0,0.0,1.0,0.0,1.0,0.0,1.0,0.0,0.0,15666.0
411,2.213868074481121,2.0917655066433745,1.77073964639405,1.9299082210139993,1.0,Y,0.0,1.0,0.0,1.0,0.0,1.0,0.0,0.0,1.0,0.0,0.0,1.0,1.0,0.0,0.0,4676.0
412,2.2455138173174785,0.0,1.742136743805324,1.9299082210139993,1.0,Y,0.0,1.0,0.0,1.0,0.0,0.0,1.0,0.0,0.0,1.0,1.0,0.0,1.0,0.0,0.0,4652.0
413,2.2161425003389685,2.1075019523214045,1.6144954397020792,1.9299082210139993,1.0,N,0.0,1.0,0.0,1.0,1.0,0.0,0.0,0.0,1.0,0.0,1.0,0.0,1.0,0.0,0.0,4915.0
414,2.2098144844064533,2.1335548074825423,1.7946353028541102,1.9299082210139993,0.0,N,0.0,1.0,0.0,1.0,0.0,0.0,1.0,0.0,1.0,0.0,1.0,0.0,1.0,0.0,0.0,5050.0
415,2.189035874479697,2.1212411204924,1.8329451460953283,1.9299082210139993,1.0,N,0.0,1.0,1.0,0.0,0.0,1.0,0.0,0.0,0.0,1.0,0.0,1.0,0.0,1.0,0.0,4311.0
416,2.1684824290555156,2.096260229668164,1.7640939343176614,1.9299082210139993,0.0,N,0.0,1.0,0.0,1.0,0.0,0.0,1.0,0.0,0.0,1.0,1.0,0.0,1.0,0.0,0.0,3564.0
417,2.1494559899396974,2.114342216480991,1.6313704001963978,1.9031681972312866,1.0,Y,0.0,1.0,0.0,1.0,0.0,0.0,1.0,0.0,0.0,1.0,1.0,0.0,0.0,0.0,1.0,3414.0
418,2.2279927516910876,2.135134748425077,1.7935304491330344,1.9299082210139993,0.0,N,0.0,1.0,0.0,1.0,1.0,0.0,0.0,0.0,1.0,0.0,1.0,0.0,1.0,0.0,0.0,5681.0
419,2.176752609627765,2.175973488065293,1.7067206012930416,1.8243068483519838,0.0,Y,0.0,1.0,0.0,1.0,1.0,0.0,0.0,0.0,1.0,0.0,1.0,0.0,1.0,0.0,0.0,4949.0
420,2.289081963246348,0.0,1.6942663054703442,1.9299082210139993,1.0,Y,0.0,1.0,1.0,0.0,1.0,0.0,0.0,0.0,1.0,0.0,0.0,1.0,0.0,1.0,0.0,7085.0
421,2.225533673719495,0.0,1.7182404735813999,1.9299082210139993,1.0,Y,0.0,1.0,0.0,1.0,0.0,0.0,1.0,0.0,1.0,0.0,1.0,0.0,0.0,1.0,0.0,3859.0
422,2.2371752921174464,0.0,1.7542520263946595,1.9299082210139993,1.0,Y,0.0,1.0,0.0,1.0,1.0,0.0,0.0,0.0,1.0,0.0,1.0,0.0,0.0,0.0,1.0,4301.0
423,2.2212142412889344,2.180605145122001,1.81792340526738,1.9299082210139993,1.0,N,0.0,1.0,0.0,1.0,1.0,0.0,0.0,0.0,1.0,0.0,1.0,0.0,0.0,0.0,1.0,6277.0
424,2.238481665380129,0.0,1.7783332269022314,1.9299082210139993,1.0,Y,0.0,1.0,1.0,0.0,0.0,0.0,1.0,0.0,1.0,0.0,1.0,0.0,1.0,0.0,0.0,4354.0
425,2.3054029984849227,0.0,1.8052356503890232,1.9299082210139993,1.0,N,0.0,1.0,0.0,1.0,1.0,0.0,0.0,0.0,1.0,0.0,1.0,0.0,0.0,1.0,0.0,8334.0
426,2.1566391755286243,2.2316079877113935,1.8052356503890232,1.9299082210139993,1.0,Y,0.0,1.0,0.0,1.0,1.0,0.0,0.0,0.0,1.0,0.0,0.0,1.0,0.0,1.0,0.0,6166.0
427,2.29800322798424,0.0,1.7681175901689328,1.8243068483519838,1.0,Y,0.0,1.0,0.0,1.0,0.0,0.0,0.0,1.0,1.0,0.0,1.0,0.0,0.0,0.0,1.0,7740.0
428,2.19852226043982,2.162311030723005,1.797899348601363,1.9299082210139993,1.0,Y,0.0,1.0,0.0,1.0,1.0,0.0,0.0,0.0,1.0,0.0,1.0,0.0,1.0,0.0,0.0,5203.0
429,2.2570514178342096,0.0,1.7733152706473527,1.9299082210139993,1.0,Y,1.0,0.0,1.0,0.0,0.0,1.0,0.0,0.0,0.0,1.0,1.0,0.0,0.0,1.0,0.0,5191.0
430,2.233765595557922,0.0,1.7218947624700471,1.9299082210139993,0.0,N,0.0,1.0,1.0,0.0,1.0,0.0,0.0,0.0,1.0,0.0,1.0,0.0,0.0,1.0,0.0,4166.0
431,2.2720930397111068,0.0,1.783182776049518,1.9299082210139993,1.0,Y,0.0,1.0,1.0,0.0,1.0,0.0,0.0,0.0,1.0,0.0,1.0,0.0,1.0,0.0,0.0,6000.0
432,2.1959885085299695,2.130322423823874,1.6606403793348095,1.8243068483519838,0.0,N,0.0,1.0,0.0,1.0,0.0,0.0,0.0,1.0,0.0,1.0,1.0,0.0,0.0,0.0,1.0,4611.0
433,2.372367162875175,0.0,1.742136743805324,1.9299082210139993,1.0,Y,0.0,1.0,0.0,1.0,1.0,0.0,0.0,0.0,1.0,0.0,1.0,0.0,0.0,1.0,0.0,16692.0
434,1.8487473895449305,2.1948499522647738,1.7218947624700471,1.9299082210139993,1.0,Y,1.0,0.0,0.0,1.0,0.0,0.0,1.0,0.0,0.0,1.0,1.0,0.0,0.0,1.0,0.0,3127.0
435,2.237966161380578,2.1752810469412767,1.742136743805324,1.9299082210139993,1.0,N,0.0,1.0,0.0,1.0,1.0,0.0,0.0,0.0,1.0,0.0,1.0,0.0,0.0,0.0,1.0,6784.0
436,2.2133624718885856,2.156416838813348,1.8072636887169242,1.9299082210139993,1.0,Y,0.0,1.0,0.0,1.0,0.0,1.0,0.0,0.0,1.0,0.0,0.0,1.0,0.0,1.0,0.0,5529.0
437,2.184232006564957,2.1179272289544824,1.7467966996992919,1.8243068483519838,0.0,N,0.0,1.0,0.0,1.0,0.0,1.0,0.0,0.0,0.0,1.0,1.0,0.0,1.0,0.0,0.0,4153.0
438,2.2463971244486483,0.0,1.7254630513334037,1.9299082210139993,1.0,Y,0.0,1.0,0.0,1.0,0.0,0.0,0.0,1.0,1.0,0.0,1.0,0.0,0.0,1.0,0.0,4691.0
439,2.17752581681183,0.0,1.712589050021264,1.9299082210139993,1.0,Y,1.0,0.0,1.0,0.0,1.0,0.0,0.0,0.0,1.0,0.0,0.0,1.0,0.0,0.0,1.0,2500.0
440,2.263686813914714,2.245422759090123,1.8072636887169242,1.9299082210139993,1.0,Y,0.0,1.0,1.0,0.0,0.0,0.0,1.0,0.0,1.0,0.0,1.0,0.0,1.0,0.0,0.0,10180.0
441,2.37142903660283,2.0697249748005717,1.7946353028541102,1.9299082210139993,1.0,Y,0.0,1.0,0.0,1.0,0.0,0.0,1.0,0.0,1.0,0.0,0.0,1.0,1.0,0.0,0.0,17539.0
442,2.283403501708339,2.1362875431745425,1.8629038905519502,1.9031681972312866,1.0,Y,0.0,1.0,0.0,1.0,0.0,0.0,1.0,0.0,1.0,0.0,1.0,0.0,0.0,1.0,0.0,8450.0
443,2.1931563205947793,2.1442101186701965,1.7733152706473527,1.9299082210139993,0.0,N,0.0,1.0,0.0,1.0,0.0,0.0,1.0,0.0,1.0,0.0,1.0,0.0,0.0,1.0,0.0,4745.0
444,2.3722273795360045,2.1655194440548033,1.6985302777514544,1.9299082210139993,1.0,Y,0.0,1.0,0.0,1.0,0.0,1.0,0.0,0.0,1.0,0.0,0.0,1.0,0.0,1.0,0.0,18917.0
445,2.2383836865171474,0.0,1.798970923559588,1.9299082210139993,1.0,Y,1.0,0.0,1.0,0.0,1.0,0.0,0.0,0.0,0.0,1.0,1.0,0.0,1.0,0.0,0.0,4350.0
446,2.201423110559759,0.0,1.7467966996992919,1.9299082210139993,1.0,Y,0.0,1.0,0.0,1.0,0.0,0.0,0.0,1.0,0.0,1.0,1.0,0.0,1.0,0.0,0.0,3095.0
447,2.1566391755286243,2.2033695628198258,1.7681175901689328,1.9299082210139993,1.0,Y,0.0,1.0,0.0,1.0,1.0,0.0,0.0,0.0,1.0,0.0,1.0,0.0,0.0,1.0,0.0,5233.0
448,2.3312157574856576,0.0,1.865565153838859,1.9299082210139993,1.0,Y,0.0,1.0,0.0,1.0,1.0,0.0,0.0,0.0,1.0,0.0,1.0,0.0,0.0,1.0,0.0,10833.0
449,2.3053910338556376,0.0,1.8732454942989716,1.9299082210139993,1.0,Y,0.0,1.0,0.0,1.0,0.0,0.0,1.0,0.0,1.0,0.0,1.0,0.0,0.0,1.0,0.0,8333.0
450,2.1494559899396974,2.1745838725830047,1.7720331658588133,1.9299082210139993,1.0,Y,0.0,1.0,0.0,1.0,0.0,1.0,0.0,0.0,0.0,1.0,1.0,0.0,1.0,0.0,0.0,4394.0
451,2.2163885850098657,0.0,1.6853704905634923,1.9299082210139993,0.0,N,0.0,1.0,1.0,0.0,0.0,0.0,1.0,0.0,1.0,0.0,1.0,0.0,1.0,0.0,0.0,3547.0
452,2.243930800008688,2.1566391755286243,1.8052356503890232,1.9299082210139993,1.0,Y,0.0,1.0,0.0,1.0,0.0,0.0,1.0,0.0,1.0,0.0,0.0,1.0,0.0,1.0,0.0,6666.0
453,2.174537224484709,0.0,1.6734888160092363,1.9299082210139993,1.0,N,0.0,1.0,1.0,0.0,1.0,0.0,0.0,0.0,1.0,0.0,1.0,0.0,0.0,0.0,1.0,2435.0
454,2.1861644222461605,2.189680878872453,1.7182404735813999,1.9299082210139993,1.0,Y,0.0,1.0,1.0,0.0,1.0,0.0,0.0,0.0,0.0,1.0,1.0,0.0,0.0,1.0,0.0,5484.0
455,2.2598713837197995,2.0834013486310865,1.8295542650992236,1.9299082210139993,1.0,Y,0.0,1.0,0.0,1.0,0.0,1.0,0.0,0.0,0.0,1.0,1.0,0.0,0.0,0.0,1.0,6464.0
456,2.2207157742743027,0.0,1.742136743805324,1.9299082210139993,1.0,Y,0.0,1.0,1.0,0.0,1.0,0.0,0.0,0.0,0.0,1.0,1.0,0.0,1.0,0.0,0.0,3691.0
457,2.3754989448803845,0.0,1.8595014474498321,1.9299082210139993,1.0,Y,1.0,0.0,1.0,0.0,1.0,0.0,0.0,0.0,0.0,1.0,0.0,1.0,0.0,1.0,0.0,17263.0
458,2.217912805238461,2.1606686030163114,1.755698992678211,1.9299082210139993,0.0,N,0.0,1.0,0.0,1.0,1.0,0.0,0.0,0.0,1.0,0.0,1.0,0.0,1.0,0.0,0.0,5754.0
459,2.209353641498215,2.0564070955388662,1.7340313214932865,1.6942663054703442,1.0,Y,1.0,0.0,0.0,1.0,0.0,1.0,0.0,0.0,1.0,0.0,1.0,0.0,0.0,1.0,0.0,4239.0
460,2.181958786434122,2.1328604519414474,1.7373263784001205,1.9299082210139993,1.0,Y,0.0,1.0,0.0,1.0,1.0,0.0,0.0,0.0,0.0,1.0,1.0,0.0,1.0,0.0,0.0,4300.0
461,2.2448974872170044,2.1925332969668765,1.7437063358613225,1.2711498482847257,1.0,Y,0.0,1.0,0.0,1.0,1.0,0.0,0.0,0.0,1.0,0.0,1.0,0.0,0.0,0.0,1.0,7482.0
462,2.19400671149987,0.0,1.7163798514467992,1.9299082210139993,1.0,Y,0.0,1.0,0.0,1.0,0.0,1.0,0.0,0.0,1.0,0.0,0.0,1.0,0.0,1.0,0.0,2895.0
463,2.2768325237840723,2.239987727830514,1.847999202156157,1.9299082210139993,0.0,N,0.0,1.0,1.0,0.0,1.0,0.0,0.0,0.0,1.0,0.0,1.0,0.0,1.0,0.0,0.0,10699.0
464,2.011002022036394,2.220480320440974,1.7467966996992919,1.9707236282233618,1.0,Y,1.0,0.0,1.0,0.0,1.0,0.0,0.0,0.0,1.0,0.0,1.0,0.0,1.0,0.0,0.0,4328.0
465,2.203684479012093,0.0,1.7254630513334037,1.9299082210139993,1.0,Y,1.0,0.0,1.0,0.0,1.0,0.0,0.0,0.0,1.0,0.0,1.0,0.0,0.0,1.0,0.0,3159.0
466,2.2502415128645716,2.2653998345122344,1.8472468792313919,1.9299082210139993,1.0,Y,0.0,1.0,0.0,1.0,0.0,0.0,1.0,0.0,1.0,0.0,1.0,0.0,0.0,1.0,0.0,10489.0
467,2.2307366170615177,2.2592628898404947,1.780778386075876,1.9299082210139993,1.0,N,0.0,1.0,0.0,1.0,0.0,1.0,0.0,0.0,0.0,1.0,1.0,0.0,1.0,0.0,0.0,9352.0
468,2.224266292441237,2.116556243522189,1.7627277196400848,1.9031681972312866,1.0,Y,0.0,1.0,0.0,1.0,1.0,0.0,0.0,0.0,0.0,1.0,1.0,0.0,0.0,1.0,0.0,5297.0
469,2.215245244918433,2.239987727830514,1.8713664243280277,1.9299082210139993,1.0,Y,0.0,1.0,0.0,1.0,0.0,0.0,1.0,0.0,1.0,0.0,1.0,0.0,1.0,0.0,0.0,7926.0
470,2.2174884026318775,0.0,1.7182404735813999,1.9299082210139993,1.0,N,0.0,1.0,1.0,0.0,1.0,0.0,0.0,0.0,1.0,0.0,1.0,0.0,0.0,0.0,1.0,3583.0
471,2.176569822186893,2.1984486477658414,1.83126011355907,1.9299082210139993,1.0,Y,0.0,1.0,0.0,1.0,1.0,0.0,0.0,0.0,1.0,0.0,0.0,1.0,0.0,0.0,1.0,5492.0
472,2.350682968300579,0.0,1.5504460211620947,1.9299082210139993,1.0,Y,1.0,0.0,1.0,0.0,0.0,1.0,0.0,0.0,1.0,0.0,1.0,0.0,0.0,0.0,1.0,13262.0
473,2.2179430496149495,2.099347828635557,1.7254630513334037,1.9299082210139993,1.0,N,0.0,1.0,1.0,0.0,1.0,0.0,0.0,0.0,0.0,1.0,1.0,0.0,1.0,0.0,0.0,4885.0
474,2.273203108009007,2.152157397222908,1.875710366758475,1.9299082210139993,1.0,Y,0.0,1.0,0.0,1.0,0.0,1.0,0.0,0.0,1.0,0.0,1.0,0.0,0.0,1.0,0.0,8069.0
475,2.207924623844991,2.153939178169864,1.7924169706841675,1.9299082210139993,1.0,Y,0.0,1.0,0.0,1.0,0.0,0.0,1.0,0.0,1.0,0.0,1.0,0.0,0.0,0.0,1.0,5318.0
476,2.1592165172200097,2.2828848372447625,1.6606403793348095,1.8243068483519838,1.0,N,0.0,1.0,0.0,1.0,1.0,0.0,0.0,0.0,1.0,0.0,1.0,0.0,0.0,1.0,0.0,8796.0
477,2.26885952781942,2.2199780935405586,1.9085054025106725,1.9299082210139993,1.0,N,0.0,1.0,1.0,0.0,1.0,0.0,0.0,0.0,1.0,0.0,1.0,0.0,1.0,0.0,0.0,9481.0
478,2.213868074481121,2.2126630060822006,1.7946353028541102,1.9299082210139993,1.0,Y,0.0,1.0,0.0,1.0,0.0,0.0,0.0,1.0,1.0,0.0,1.0,0.0,1.0,0.0,0.0,6894.0
479,2.153710978592769,2.128014312336542,1.7467966996992919,1.9707236282233618,1.0,Y,1.0,0.0,0.0,1.0,0.0,0.0,1.0,0.0,1.0,0.0,1.0,0.0,0.0,1.0,0.0,3663.0
480,2.200669766986977,2.1396069221994747,1.7613486395430595,1.9299082210139993,0.0,N,0.0,1.0,0.0,1.0,1.0,0.0,0.0,0.0,0.0,1.0,1.0,0.0,0.0,1.0,0.0,4874.0
481,2.246216596763001,2.146865928900131,1.828693382742085,1.9299082210139993,1.0,N,0.0,1.0,1.0,0.0,1.0,0.0,0.0,0.0,1.0,0.0,1.0,0.0,0.0,1.0,0.0,6598.0
482,2.211765541559167,0.0,1.7163798514467992,1.9299082210139993,1.0,N,1.0,0.0,1.0,0.0,1.0,0.0,0.0,0.0,0.0,1.0,1.0,0.0,1.0,0.0,0.0,3400.0
483,2.162521066063999,2.135746617737867,1.5745651437258248,1.9299082210139993,1.0,Y,0.0,1.0,0.0,1.0,0.0,0.0,1.0,0.0,0.0,1.0,1.0,0.0,0.0,1.0,0.0,3934.0
484,2.17752581681183,0.0,1.6144954397020792,1.9299082210139993,1.0,Y,0.0,1.0,1.0,0.0,1.0,0.0,0.0,0.0,1.0,0.0,1.0,0.0,0.0,1.0,0.0,2500.0
485,2.2663727013520645,2.1116578645229955,1.7254630513334037,1.9299082210139993,1.0,Y,0.0,1.0,0.0,1.0,0.0,0.0,0.0,1.0,1.0,0.0,0.0,1.0,1.0,0.0,0.0,7101.0
486,2.3767657261848196,0.0,1.945047123513961,1.9299082210139993,1.0,Y,0.0,1.0,0.0,1.0,0.0,0.0,1.0,0.0,1.0,0.0,0.0,1.0,1.0,0.0,0.0,17500.0
487,2.2231544217750665,0.0,1.742136743805324,1.9299082210139993,1.0,Y,0.0,1.0,0.0,1.0,1.0,0.0,0.0,0.0,1.0,0.0,1.0,0.0,0.0,1.0,0.0,3775.0
488,2.258927529458094,2.1121662953967393,1.8062533133730014,1.9299082210139993,0.0,Y,0.0,1.0,0.0,1.0,0.0,1.0,0.0,0.0,0.0,1.0,1.0,0.0,0.0,1.0,0.0,6715.0
489,2.185328776865875,2.100765630711586,1.7144962229206409,1.9299082210139993,1.0,Y,0.0,1.0,1.0,0.0,0.0,1.0,0.0,0.0,0.0,1.0,1.0,0.0,0.0,1.0,0.0,3981.0
490,2.284657568695029,0.0,1.77073964639405,1.9299082210139993,1.0,Y,0.0,1.0,1.0,0.0,1.0,0.0,0.0,0.0,0.0,1.0,1.0,0.0,0.0,1.0,0.0,6783.0
491,2.0710845977097856,2.2630835984043935,1.8531520084405109,1.9299082210139993,1.0,Y,0.0,1.0,0.0,1.0,1.0,0.0,0.0,0.0,1.0,0.0,1.0,0.0,1.0,0.0,0.0,6525.0
492,2.2366776854014065,0.0,1.7254630513334037,1.9299082210139993,1.0,Y,0.0,1.0,0.0,1.0,0.0,0.0,0.0,1.0,1.0,0.0,1.0,0.0,0.0,0.0,1.0,4281.0
493,2.217640185691444,0.0,1.742136743805324,1.9299082210139993,0.0,N,0.0,1.0,1.0,0.0,0.0,0.0,1.0,0.0,1.0,0.0,1.0,0.0,1.0,0.0,0.0,3588.0
494,2.33487920838451,0.0,1.8378799982871266,1.9299082210139993,1.0,N,0.0,1.0,1.0,0.0,0.0,1.0,0.0,0.0,1.0,0.0,1.0,0.0,0.0,1.0,0.0,11250.0
495,2.380222478881763,0.0,1.7640939343176614,1.9299082210139993,1.0,Y,1.0,0.0,1.0,0.0,1.0,0.0,0.0,0.0,0.0,1.0,0.0,1.0,0.0,0.0,1.0,18165.0
496,2.1797664808678716,2.154337326040772,1.765447506801529,1.9299082210139993,1.0,Y,0.0,1.0,1.0,0.0,1.0,0.0,0.0,0.0,0.0,1.0,1.0,0.0,1.0,0.0,0.0,4592.0
497,2.2743504551611573,2.2268400225317815,1.914541129043442,1.9299082210139993,1.0,Y,0.0,1.0,0.0,1.0,1.0,0.0,0.0,0.0,1.0,0.0,1.0,0.0,0.0,0.0,1.0,10039.0
498,2.2185159288251515,0.0,1.7373263784001205,1.9299082210139993,1.0,Y,0.0,1.0,1.0,0.0,0.0,0.0,1.0,0.0,1.0,0.0,1.0,0.0,0.0,1.0,0.0,3617.0
499,2.1948499522647738,1.9859544370585949,1.6495606454510718,1.9299082210139993,1.0,N,0.0,1.0,0.0,1.0,1.0,0.0,0.0,0.0,0.0,1.0,1.0,0.0,1.0,0.0,0.0,3453.0
500,2.278995208896215,0.0,1.8021379316915813,1.8243068483519838,1.0,Y,0.0,1.0,0.0,1.0,0.0,0.0,0.0,1.0,1.0,0.0,1.0,0.0,1.0,0.0,0.0,6417.0
501,2.2445073830189126,2.192063479381026,1.783182776049518,1.8243068483519838,1.0,Y,1.0,0.0,0.0,1.0,0.0,1.0,0.0,0.0,1.0,0.0,1.0,0.0,0.0,1.0,0.0,7453.0
502,2.1596488945388876,0.0,1.7236894193081456,1.9299082210139993,0.0,N,1.0,0.0,1.0,0.0,1.0,0.0,0.0,0.0,1.0,0.0,1.0,0.0,0.0,1.0,0.0,2138.0
503,2.219562552929363,0.0,1.7163798514467992,1.9299082210139993,1.0,Y,1.0,0.0,1.0,0.0,0.0,1.0,0.0,0.0,1.0,0.0,1.0,0.0,0.0,1.0,0.0,3652.0
504,2.1649574530318927,2.178607499059404,1.7681175901689328,1.9299082210139993,1.0,Y,0.0,1.0,0.0,1.0,0.0,1.0,0.0,0.0,0.0,1.0,1.0,0.0,0.0,0.0,1.0,4763.0
505,2.1985958189021635,2.0146739475705795,1.7289490519659823,1.9299082210139993,1.0,Y,1.0,0.0,0.0,1.0,1.0,0.0,0.0,0.0,0.0,1.0,1.0,0.0,0.0,1.0,0.0,3680.0
506,2.18899542422897,2.1489789546165396,1.8000344713048928,1.9299082210139993,1.0,Y,0.0,1.0,0.0,1.0,1.0,0.0,0.0,0.0,1.0,0.0,1.0,0.0,1.0,0.0,0.0,4718.0
507,2.210403857790372,0.0,1.6853704905634923,1.5284269505599697,1.0,N,0.0,1.0,1.0,0.0,1.0,0.0,0.0,0.0,0.0,1.0,1.0,0.0,0.0,1.0,0.0,3358.0
508,2.178697122166364,2.1384900176943296,1.7890235001604364,1.9299082210139993,1.0,Y,0.0,1.0,1.0,0.0,1.0,0.0,0.0,0.0,1.0,0.0,1.0,0.0,1.0,0.0,0.0,4309.0
509,2.2531209847743163,0.0,1.7306622908306295,1.9299082210139993,0.0,N,1.0,0.0,1.0,0.0,1.0,0.0,0.0,0.0,1.0,0.0,1.0,0.0,0.0,1.0,0.0,5000.0
510,2.189680878872453,2.1528507429054087,1.742136743805324,1.9299082210139993,1.0,Y,0.0,1.0,0.0,1.0,1.0,0.0,0.0,0.0,1.0,0.0,1.0,0.0,1.0,0.0,0.0,4801.0
511,2.2095843313936494,2.206813778116714,1.8031780619573843,1.9299082210139993,1.0,Y,0.0,1.0,0.0,1.0,0.0,1.0,0.0,0.0,1.0,0.0,1.0,0.0,0.0,0.0,1.0,6583.0
512,2.175419911857586,2.169663664343269,1.8251953231790878,1.9299082210139993,0.0,N,0.0,1.0,0.0,1.0,1.0,0.0,0.0,0.0,0.0,1.0,1.0,0.0,0.0,0.0,1.0,4787.0
513,2.2177917344556892,2.2363027892242844,1.7733152706473527,1.8243068483519838,0.0,N,0.0,1.0,0.0,1.0,1.0,0.0,0.0,0.0,1.0,0.0,1.0,0.0,1.0,0.0,0.0,7859.0
514,2.2624764963769386,2.0719412936473365,1.4576463830228739,1.9299082210139993,1.0,Y,0.0,1.0,0.0,1.0,0.0,1.0,0.0,0.0,1.0,0.0,1.0,0.0,0.0,1.0,0.0,6500.0
515,2.184824052887254,2.1275026651765137,1.6942663054703442,1.9299082210139993,1.0,Y,1.0,0.0,1.0,0.0,1.0,0.0,0.0,0.0,1.0,0.0,1.0,0.0,0.0,0.0,1.0,4292.0
516,2.3247616920650365,0.0,1.881679452127038,1.9299082210139993,1.0,Y,0.0,1.0,0.0,1.0,0.0,0.0,0.0,1.0,1.0,0.0,0.0,1.0,0.0,1.0,0.0,10139.0
517,2.22631403164978,2.1849083487203913,1.8072636887169242,1.9299082210139993,1.0,Y,0.0,1.0,0.0,1.0,1.0,0.0,0.0,0.0,1.0,0.0,1.0,0.0,0.0,1.0,0.0,6556.0
518,2.234124836573565,2.168333813675979,1.8260781474077188,1.9299082210139993,1.0,Y,1.0,0.0,0.0,1.0,1.0,0.0,0.0,0.0,1.0,0.0,1.0,0.0,0.0,1.0,0.0,6486.0
519,2.2202442991185483,1.870734136494135,1.7389471062414084,1.9299082210139993,1.0,Y,0.0,1.0,0.0,1.0,0.0,0.0,1.0,0.0,0.0,1.0,1.0,0.0,0.0,1.0,0.0,3917.0
520,2.270760745406538,2.1550163361850214,1.8494914839851704,1.9299082210139993,1.0,Y,0.0,1.0,0.0,1.0,1.0,0.0,0.0,0.0,1.0,0.0,1.0,0.0,1.0,0.0,0.0,7977.0
521,2.2685923918677653,0.0,1.7733152706473527,1.9299082210139993,1.0,Y,0.0,1.0,1.0,0.0,1.0,0.0,0.0,0.0,0.0,1.0,0.0,1.0,0.0,1.0,0.0,5800.0
522,2.310801942083647,0.0,1.880506958839086,1.9299082210139993,0.0,N,0.0,1.0,0.0,1.0,0.0,0.0,1.0,0.0,1.0,0.0,1.0,0.0,0.0,0.0,1.0,8799.0
523,2.241209156031147,0.0,1.757131886054717,1.9299082210139993,1.0,Y,0.0,1.0,0.0,1.0,1.0,0.0,0.0,0.0,0.0,1.0,1.0,0.0,1.0,0.0,0.0,4467.0
524,2.2095843313936494,0.0,1.6606403793348095,1.9299082210139993,1.0,Y,0.0,1.0,1.0,0.0,1.0,0.0,0.0,0.0,1.0,0.0,1.0,0.0,0.0,0.0,1.0,3333.0
525,2.211765541559167,2.17752581681183,1.7613486395430595,1.9299082210139993,0.0,N,0.0,1.0,0.0,1.0,0.0,0.0,0.0,1.0,1.0,0.0,1.0,0.0,1.0,0.0,0.0,5900.0
526,2.1718424379725065,0.0,1.1947055233182955,1.9299082210139993,1.0,N,1.0,0.0,1.0,0.0,1.0,0.0,0.0,0.0,1.0,0.0,1.0,0.0,0.0,0.0,1.0,2378.0
527,2.2039287260641363,2.155578806730032,1.7323562465403226,1.9299082210139993,0.0,N,0.0,1.0,0.0,1.0,1.0,0.0,0.0,0.0,1.0,0.0,1.0,0.0,0.0,0.0,1.0,5230.0
528,2.212311403755779,2.1362875431745425,1.8295542650992236,1.9299082210139993,1.0,Y,0.0,1.0,0.0,1.0,0.0,1.0,0.0,0.0,1.0,0.0,1.0,0.0,0.0,0.0,1.0,5167.0
529,2.2555274061432775,2.1139271671935025,1.8102520538839093,1.9299082210139993,0.0,N,0.0,1.0,0.0,1.0,1.0,0.0,0.0,0.0,1.0,0.0,1.0,0.0,0.0,0.0,1.0,6567.0
530,2.3722217834356925,0.0,1.890155921849322,1.9299082210139993,1.0,Y,0.0,1.0,0.0,1.0,0.0,0.0,1.0,0.0,1.0,0.0,1.0,0.0,0.0,0.0,1.0,16666.0
531,2.2742162031273403,2.1275026651765137,1.8304098214920528,1.9707236282233618,1.0,N,0.0,1.0,0.0,1.0,0.0,0.0,1.0,0.0,0.0,1.0,1.0,0.0,0.0,1.0,0.0,7750.0
532,2.2788195587517115,0.0,1.7946353028541102,1.9299082210139993,1.0,N,0.0,1.0,0.0,1.0,0.0,0.0,0.0,1.0,1.0,0.0,1.0,0.0,0.0,1.0,0.0,6406.0
533,2.203684479012093,1.9650914196353428,1.7389471062414084,1.6942663054703442,1.0,Y,0.0,1.0,0.0,1.0,0.0,0.0,1.0,0.0,1.0,0.0,1.0,0.0,0.0,0.0,1.0,3620.0
534,2.201136793644607,2.1634609679687555,1.7783332269022314,1.9299082210139993,0.0,N,0.0,1.0,0.0,1.0,1.0,0.0,0.0,0.0,1.0,0.0,1.0,0.0,0.0,1.0,0.0,5297.0
535,2.2061003394318006,2.1878152480459714,1.742136743805324,1.9299082210139993,1.0,Y,0.0,1.0,1.0,0.0,1.0,0.0,0.0,0.0,1.0,0.0,1.0,0.0,0.0,0.0,1.0,5968.0
536,2.13842394731042,2.164598218215439,1.7373263784001205,1.9299082210139993,1.0,Y,0.0,1.0,0.0,1.0,0.0,1.0,0.0,0.0,1.0,0.0,1.0,0.0,1.0,0.0,0.0,4014.0
537,2.204484761334738,2.1948499522647738,1.8062533133730014,1.9299082210139993,1.0,Y,0.0,1.0,1.0,0.0,1.0,0.0,0.0,0.0,1.0,0.0,1.0,0.0,0.0,0.0,1.0,6099.0
538,2.2809369883236075,0.0,1.8449646614985311,1.9299082210139993,1.0,Y,0.0,1.0,0.0,1.0,0.0,0.0,1.0,0.0,1.0,0.0,1.0,0.0,0.0,1.0,0.0,6540.0
539,2.2039287260641363,0.0,1.5284269505599697,1.9299082210139993,1.0,Y,1.0,0.0,0.0,1.0,1.0,0.0,0.0,0.0,1.0,0.0,1.0,0.0,0.0,1.0,0.0,3166.0
540,2.144709347133657,0.0,1.63454690370149,1.9299082210139993,1.0,N,0.0,1.0,0.0,1.0,0.0,1.0,0.0,0.0,1.0,0.0,1.0,0.0,1.0,0.0,0.0,1880.0
541,2.1897612147011456,2.1469878305054886,1.7901636276798083,1.9299082210139993,0.0,N,0.0,1.0,0.0,1.0,0.0,1.0,0.0,0.0,1.0,0.0,1.0,0.0,1.0,0.0,0.0,4704.0
542,2.2367275617121494,2.1979688386872795,1.8169871572575529,1.6942663054703442,1.0,N,0.0,1.0,0.0,1.0,0.0,1.0,0.0,0.0,1.0,0.0,1.0,0.0,1.0,0.0,0.0,7283.0
543,2.167886672046365,2.1196758458913854,1.7323562465403226,1.9299082210139993,1.0,Y,0.0,1.0,0.0,1.0,1.0,0.0,0.0,0.0,1.0,0.0,1.0,0.0,0.0,0.0,1.0,3819.0
544,2.161094962330888,0.0,1.6606403793348095,1.9299082210139993,1.0,Y,1.0,0.0,1.0,0.0,1.0,0.0,0.0,0.0,0.0,1.0,1.0,0.0,0.0,1.0,0.0,2165.0
545,2.247718094334587,0.0,1.7144962229206409,1.9299082210139993,1.0,Y,0.0,1.0,1.0,0.0,1.0,0.0,0.0,0.0,1.0,0.0,1.0,0.0,0.0,1.0,0.0,4750.0
546,2.187281686085827,0.0,1.7356879059276584,1.9299082210139993,0.0,N,0.0,1.0,0.0,1.0,0.0,0.0,1.0,0.0,1.0,0.0,0.0,1.0,0.0,1.0,0.0,2726.0
547,2.1979688386872795,2.212279377674662,1.6180113091810355,1.8243068483519838,1.0,Y,0.0,1.0,0.0,1.0,1.0,0.0,0.0,0.0,1.0,0.0,1.0,0.0,0.0,1.0,0.0,6416.0
548,2.2720930397111068,0.0,1.8449646614985311,1.8694605040153234,1.0,N,0.0,1.0,0.0,1.0,0.0,0.0,1.0,0.0,1.0,0.0,0.0,1.0,0.0,1.0,0.0,6000.0
549,2.3168811034734254,0.0,1.8991438268879295,1.9299082210139993,1.0,Y,0.0,1.0,1.0,0.0,0.0,0.0,0.0,1.0,1.0,0.0,0.0,1.0,0.0,1.0,0.0,9357.0
550,2.225533673719495,2.2084920526786953,1.7855476541684288,1.8243068483519838,1.0,Y,0.0,1.0,0.0,1.0,1.0,0.0,0.0,0.0,1.0,0.0,1.0,0.0,1.0,0.0,0.0,7159.0
551,2.3691102066315146,0.0,1.881679452127038,1.9299082210139993,1.0,Y,0.0,1.0,0.0,1.0,1.0,0.0,0.0,0.0,1.0,0.0,0.0,1.0,0.0,0.0,1.0,16120.0
552,2.2248034189802497,0.0,1.742136743805324,1.9299082210139993,1.0,Y,0.0,1.0,1.0,0.0,1.0,0.0,0.0,0.0,0.0,1.0,1.0,0.0,1.0,0.0,0.0,3833.0
553,2.2784512135440265,2.067970345786057,1.8304098214920528,1.9299082210139993,1.0,N,0.0,1.0,0.0,1.0,0.0,0.0,1.0,0.0,0.0,1.0,0.0,1.0,1.0,0.0,0.0,7383.0
554,2.1974867147810535,0.0,1.7026798402849839,1.9299082210139993,0.0,N,0.0,1.0,1.0,0.0,1.0,0.0,0.0,0.0,1.0,0.0,1.0,0.0,0.0,1.0,0.0,2987.0
555,2.3230476864236866,0.0,1.8243068483519838,1.9299082210139993,1.0,Y,0.0,1.0,0.0,1.0,1.0,0.0,0.0,0.0,1.0,0.0,0.0,1.0,1.0,0.0,0.0,9963.0
556,2.268235022515995,0.0,1.8346098354356497,1.9299082210139993,1.0,Y,0.0,1.0,0.0,1.0,0.0,0.0,1.0,0.0,1.0,0.0,1.0,0.0,0.0,0.0,1.0,5780.0
557,2.193968213356393,2.189961774243411,1.8000344713048928,1.9299082210139993,1.0,Y,0.0,1.0,0.0,1.0,1.0,0.0,0.0,0.0,0.0,1.0,1.0,0.0,1.0,0.0,0.0,5686.0
558,2.2668462989763327,0.0,1.7681175901689328,1.9299082210139993,1.0,Y,0.0,1.0,0.0,1.0,0.0,0.0,0.0,1.0,1.0,0.0,1.0,0.0,0.0,0.0,1.0,5703.0
559,2.220273832907806,2.2371752921174464,1.8169871572575529,1.9299082210139993,1.0,Y,0.0,1.0,1.0,0.0,1.0,0.0,0.0,0.0,1.0,0.0,1.0,0.0,1.0,0.0,0.0,7977.0
560,2.211765541559167,2.17752581681183,1.81792340526738,1.9299082210139993,1.0,Y,0.0,1.0,0.0,1.0,0.0,1.0,0.0,0.0,1.0,0.0,1.0,0.0,0.0,1.0,0.0,5900.0
561,2.2290510471526765,2.110547982852574,1.8021379316915813,1.9299082210139993,1.0,Y,0.0,1.0,0.0,1.0,0.0,0.0,1.0,0.0,0.0,1.0,1.0,0.0,1.0,0.0,0.0,5398.0
562,2.206202573989299,2.1489789546165396,1.7389471062414084,1.9299082210139993,1.0,Y,0.0,1.0,0.0,1.0,1.0,0.0,0.0,0.0,1.0,0.0,1.0,0.0,1.0,0.0,0.0,5182.0
563,2.194198980845326,0.0,1.6632944814375767,1.9299082210139993,1.0,Y,1.0,0.0,1.0,0.0,1.0,0.0,0.0,0.0,1.0,0.0,1.0,0.0,1.0,0.0,0.0,2900.0
564,2.232210708438277,0.0,1.5504460211620947,1.8243068483519838,1.0,Y,0.0,1.0,0.0,1.0,0.0,0.0,0.0,1.0,1.0,0.0,1.0,0.0,1.0,0.0,0.0,4106.0
565,2.3022130677407335,1.8694605040153234,1.8775294779444245,1.9299082210139993,1.0,Y,0.0,1.0,0.0,1.0,0.0,1.0,0.0,0.0,1.0,0.0,1.0,0.0,0.0,0.0,1.0,8312.0
566,2.29594268536254,0.0,1.8304098214920528,1.9299082210139993,1.0,Y,0.0,1.0,0.0,1.0,0.0,0.0,1.0,0.0,1.0,0.0,1.0,0.0,0.0,0.0,1.0,7583.0
567,2.243930800008688,0.0,1.7745861482661287,1.9299082210139993,0.0,N,1.0,0.0,1.0,0.0,1.0,0.0,0.0,0.0,1.0,0.0,0.0,1.0,0.0,1.0,0.0,4583.0
